Season,Date,HomeTeam,AwayTeam,FTHG,FTAG,FTR,B365H,B365D,B365A
2223,05/08/2022,Crystal Palace,Arsenal,0,2,A,4.2,3.6,1.85
2223,06/08/2022,Fulham,Liverpool,2,2,D,11.0,6.0,1.25
2223,06/08/2022,Bournemouth,Aston Villa,2,0,H,3.75,3.5,2.0
2223,06/08/2022,Leeds,Wolves,2,1,H,2.25,3.4,3.2
2223,06/08/2022,Newcastle,Nott'm Forest,2,0,H,1.66,3.8,5.25
2223,06/08/2022,Tottenham,Southampton,4,1,H,1.33,5.5,8.5
2223,06/08/2022,Everton,Chelsea,0,1,A,5.5,4.0,1.61
2223,07/08/2022,Leicester,Brentford,2,2,D,2.0,3.75,3.5
2223,07/08/2022,Man United,Brighton,1,2,A,1.6,4.2,5.25
2223,07/08/2022,West Ham,Man City,0,2,A,8.0,5.0,1.36
2223,13/08/2022,Aston Villa,Everton,2,1,H,1.8,3.5,4.75
2223,13/08/2022,Arsenal,Leicester,4,2,H,1.53,4.33,5.75
2223,13/08/2022,Brighton,Newcastle,0,0,D,2.45,3.2,3.0
2223,13/08/2022,Man City,Bournemouth,4,0,H,1.06,13.0,29.0
2223,13/08/2022,Southampton,Leeds,2,2,D,2.25,3.5,3.1
2223,13/08/2022,Wolves,Fulham,0,0,D,2.3,3.3,3.2
2223,13/08/2022,Brentford,Man United,4,0,H,3.75,3.5,2.0
2223,14/08/2022,Nott'm Forest,West Ham,1,0,H,4.2,3.6,1.85
2223,14/08/2022,Chelsea,Tottenham,2,2,D,2.25,3.4,3.2
2223,15/08/2022,Liverpool,Crystal Palace,1,1,D,1.18,6.75,16.0
2223,20/08/2022,Tottenham,Wolves,1,0,H,1.4,4.75,7.5
2223,20/08/2022,Crystal Palace,Aston Villa,3,1,H,2.5,3.25,2.9
2223,20/08/2022,Everton,Nott'm Forest,1,1,D,1.9,3.6,4.0
2223,20/08/2022,Fulham,Brentford,3,2,H,2.45,3.4,2.9
2223,20/08/2022,Leicester,Southampton,1,2,A,1.83,4.0,4.0
2223,20/08/2022,Bournemouth,Arsenal,0,3,A,8.0,4.75,1.4
2223,21/08/2022,Leeds,Chelsea,3,0,H,5.75,4.5,1.53
2223,21/08/2022,West Ham,Brighton,0,2,A,2.3,3.4,3.1
2223,21/08/2022,Newcastle,Man City,3,3,D,7.5,5.0,1.36
2223,22/08/2022,Man United,Liverpool,2,1,H,5.25,4.33,1.6
2223,27/08/2022,Southampton,Man United,0,1,A,4.2,4.0,1.8
2223,27/08/2022,Brentford,Everton,1,1,D,2.0,3.5,3.75
2223,27/08/2022,Brighton,Leeds,1,0,H,1.9,3.8,3.8
2223,27/08/2022,Chelsea,Leicester,2,1,H,1.4,5.0,7.0
2223,27/08/2022,Liverpool,Bournemouth,9,0,H,1.1,10.0,26.0
2223,27/08/2022,Man City,Crystal Palace,4,2,H,1.18,7.5,13.0
2223,27/08/2022,Arsenal,Fulham,2,1,H,1.3,5.75,9.0
2223,28/08/2022,Aston Villa,West Ham,0,1,A,2.3,3.4,3.1
2223,28/08/2022,Wolves,Newcastle,1,1,D,2.7,3.3,2.7
2223,28/08/2022,Nott'm Forest,Tottenham,0,2,A,7.0,4.6,1.44
2223,30/08/2022,Crystal Palace,Brentford,1,1,D,2.05,3.4,3.6
2223,30/08/2022,Fulham,Brighton,2,1,H,3.1,3.3,2.3
2223,30/08/2022,Southampton,Chelsea,2,1,H,5.25,4.0,1.61
2223,30/08/2022,Leeds,Everton,1,1,D,2.15,3.5,3.3
2223,31/08/2022,Arsenal,Aston Villa,2,1,H,1.45,4.5,6.0
2223,31/08/2022,Bournemouth,Wolves,0,0,D,3.5,3.3,2.15
2223,31/08/2022,Man City,Nott'm Forest,6,0,H,1.06,13.0,29.0
2223,31/08/2022,West Ham,Tottenham,1,1,D,3.6,3.8,1.95
2223,31/08/2022,Liverpool,Newcastle,2,1,H,1.33,5.25,9.0
2223,01/09/2022,Leicester,Man United,0,1,A,3.4,3.75,2.05
2223,03/09/2022,Everton,Liverpool,0,0,D,7.0,4.75,1.4
2223,03/09/2022,Brentford,Leeds,5,2,H,2.1,3.5,3.4
2223,03/09/2022,Chelsea,West Ham,2,1,H,1.55,4.5,5.5
2223,03/09/2022,Newcastle,Crystal Palace,0,0,D,2.0,3.5,3.75
2223,03/09/2022,Nott'm Forest,Bournemouth,2,3,A,1.95,3.5,3.8
2223,03/09/2022,Tottenham,Fulham,2,1,H,1.5,4.5,6.5
2223,03/09/2022,Wolves,Southampton,1,0,H,2.2,3.4,3.25
2223,03/09/2022,Aston Villa,Man City,1,1,D,8.0,5.5,1.33
2223,04/09/2022,Brighton,Leicester,5,2,H,1.83,3.5,4.5
2223,04/09/2022,Man United,Arsenal,3,1,H,2.5,3.5,2.7
2223,16/09/2022,Aston Villa,Southampton,1,0,H,2.1,3.5,3.5
2223,16/09/2022,Nott'm Forest,Fulham,2,3,A,2.75,3.3,2.62
2223,17/09/2022,Wolves,Man City,0,3,A,9.5,5.0,1.33
2223,17/09/2022,Newcastle,Bournemouth,1,1,D,1.44,4.4,7.5
2223,17/09/2022,Tottenham,Leicester,6,2,H,1.45,4.5,7.0
2223,18/09/2022,Brentford,Arsenal,0,3,A,4.2,3.8,1.8
2223,18/09/2022,Everton,West Ham,1,0,H,2.9,3.25,2.5
2223,01/10/2022,Arsenal,Tottenham,3,1,H,2.05,3.75,3.3
2223,01/10/2022,Bournemouth,Brentford,0,0,D,3.3,3.4,2.2
2223,01/10/2022,Crystal Palace,Chelsea,1,2,A,4.2,3.6,1.85
2223,01/10/2022,Fulham,Newcastle,1,4,A,3.0,3.4,2.37
2223,01/10/2022,Liverpool,Brighton,3,3,D,1.33,5.25,8.5
2223,01/10/2022,Southampton,Everton,1,2,A,2.15,3.4,3.4
2223,01/10/2022,West Ham,Wolves,2,0,H,1.95,3.5,4.2
2223,02/10/2022,Man City,Man United,6,3,H,1.33,5.75,7.5
2223,02/10/2022,Leeds,Aston Villa,0,0,D,2.35,3.4,3.0
2223,03/10/2022,Leicester,Nott'm Forest,4,0,H,1.75,4.0,4.33
2223,08/10/2022,Bournemouth,Leicester,2,1,H,3.6,3.4,2.05
2223,08/10/2022,Chelsea,Wolves,3,0,H,1.4,4.5,8.0
2223,08/10/2022,Man City,Southampton,4,0,H,1.11,10.0,17.0
2223,08/10/2022,Newcastle,Brentford,5,1,H,1.83,3.8,4.2
2223,08/10/2022,Brighton,Tottenham,0,1,A,2.8,3.4,2.5
2223,09/10/2022,Crystal Palace,Leeds,2,1,H,2.05,3.5,3.6
2223,09/10/2022,West Ham,Fulham,3,1,H,1.72,3.8,4.75
2223,09/10/2022,Arsenal,Liverpool,3,2,H,2.5,3.6,2.62
2223,09/10/2022,Everton,Man United,1,2,A,3.6,3.5,2.05
2223,10/10/2022,Nott'm Forest,Aston Villa,1,1,D,3.3,3.4,2.2
2223,14/10/2022,Brentford,Brighton,2,0,H,3.1,3.4,2.3
2223,15/10/2022,Leicester,Crystal Palace,0,0,D,2.3,3.4,3.1
2223,15/10/2022,Fulham,Bournemouth,2,2,D,1.85,3.75,4.0
2223,15/10/2022,Wolves,Nott'm Forest,1,0,H,1.7,3.75,5.0
2223,15/10/2022,Tottenham,Everton,2,0,H,1.5,4.5,6.5
2223,16/10/2022,Aston Villa,Chelsea,0,2,A,4.33,3.75,1.8
2223,16/10/2022,Leeds,Arsenal,0,1,A,6.0,4.2,1.55
2223,16/10/2022,Man United,Newcastle,0,0,D,1.95,3.8,3.5
2223,16/10/2022,Southampton,West Ham,1,1,D,2.9,3.4,2.4
2223,16/10/2022,Liverpool,Man City,1,0,H,3.6,4.0,1.9
2223,18/10/2022,Brighton,Nott'm Forest,0,0,D,1.4,4.75,7.0
2223,18/10/2022,Crystal Palace,Wolves,2,1,H,2.25,3.1,3.4
2223,19/10/2022,Bournemouth,Southampton,0,1,A,2.62,3.3,2.62
2223,19/10/2022,Brentford,Chelsea,0,0,D,4.75,3.8,1.72
2223,19/10/2022,Liverpool,West Ham,1,0,H,1.4,5.0,7.0
2223,19/10/2022,Newcastle,Everton,1,0,H,1.6,3.8,5.75
2223,19/10/2022,Man United,Tottenham,2,0,H,2.45,3.5,2.75
2223,20/10/2022,Fulham,Aston Villa,3,0,H,2.9,3.3,2.5
2223,20/10/2022,Leicester,Leeds,2,0,H,2.25,3.6,3.0
2223,22/10/2022,Nott'm Forest,Liverpool,1,0,H,11.0,6.0,1.25
2223,22/10/2022,Everton,Crystal Palace,3,0,H,2.6,3.2,2.87
2223,22/10/2022,Man City,Brighton,3,1,H,1.2,7.0,13.0
2223,22/10/2022,Chelsea,Man United,1,1,D,2.05,3.5,3.5
2223,23/10/2022,Aston Villa,Brentford,4,0,H,2.1,3.5,3.5
2223,23/10/2022,Leeds,Fulham,2,3,A,2.05,3.5,3.6
2223,23/10/2022,Southampton,Arsenal,1,1,D,6.0,4.0,1.57
2223,23/10/2022,Wolves,Leicester,0,4,A,2.25,3.25,3.25
2223,23/10/2022,Tottenham,Newcastle,1,2,A,2.05,3.5,3.5
2223,24/10/2022,West Ham,Bournemouth,2,0,H,1.55,4.0,6.0
2223,29/10/2022,Leicester,Man City,0,1,A,10.0,6.5,1.25
2223,29/10/2022,Bournemouth,Tottenham,2,3,A,5.0,3.8,1.7
2223,29/10/2022,Brentford,Wolves,1,1,D,2.2,3.4,3.3
2223,29/10/2022,Brighton,Chelsea,4,1,H,3.0,3.3,2.4
2223,29/10/2022,Crystal Palace,Southampton,1,0,H,1.9,3.6,4.0
2223,29/10/2022,Newcastle,Aston Villa,4,0,H,1.8,3.75,4.5
2223,29/10/2022,Fulham,Everton,0,0,D,2.37,3.4,3.0
2223,29/10/2022,Liverpool,Leeds,1,2,A,1.3,6.0,9.0
2223,30/10/2022,Arsenal,Nott'm Forest,5,0,H,1.2,7.0,12.0
2223,30/10/2022,Man United,West Ham,1,0,H,1.66,4.0,4.8
2223,05/11/2022,Leeds,Bournemouth,4,3,H,1.72,3.8,4.75
2223,05/11/2022,Man City,Fulham,2,1,H,1.11,9.5,19.0
2223,05/11/2022,Nott'm Forest,Brentford,2,2,D,2.75,3.3,2.6
2223,05/11/2022,Wolves,Brighton,2,3,A,3.3,3.3,2.25
2223,05/11/2022,Everton,Leicester,0,2,A,2.4,3.3,3.0
2223,06/11/2022,Chelsea,Arsenal,0,1,A,2.55,3.4,2.7
2223,06/11/2022,Aston Villa,Man United,3,1,H,3.3,3.8,2.1
2223,06/11/2022,Southampton,Newcastle,1,4,A,4.0,3.6,1.9
2223,06/11/2022,West Ham,Crystal Palace,1,2,A,1.9,3.4,4.2
2223,06/11/2022,Tottenham,Liverpool,1,2,A,3.3,3.6,2.1
2223,12/11/2022,Man City,Brentford,1,2,A,1.14,8.0,17.0
2223,12/11/2022,Bournemouth,Everton,3,0,H,2.8,3.25,2.6
2223,12/11/2022,Liverpool,Southampton,3,1,H,1.25,6.5,11.0
2223,12/11/2022,Nott'm Forest,Crystal Palace,1,0,H,3.1,3.1,2.45
2223,12/11/2022,Tottenham,Leeds,4,3,H,1.65,4.2,4.75
2223,12/11/2022,West Ham,Leicester,0,2,A,2.05,3.4,3.75
2223,12/11/2022,Newcastle,Chelsea,1,0,H,2.35,3.4,3.0
2223,12/11/2022,Wolves,Arsenal,0,2,A,6.0,4.2,1.55
2223,13/11/2022,Brighton,Aston Villa,1,2,A,1.83,3.75,4.2
2223,13/11/2022,Fulham,Man United,1,2,A,3.8,3.8,1.9
2223,26/12/2022,Brentford,Tottenham,2,2,D,4.0,3.6,1.91
2223,26/12/2022,Crystal Palace,Fulham,0,3,A,2.05,3.6,3.5
2223,26/12/2022,Everton,Wolves,1,2,A,2.3,3.25,3.2
2223,26/12/2022,Leicester,Newcastle,0,3,A,3.25,3.5,2.2
2223,26/12/2022,Southampton,Brighton,1,3,A,3.3,3.5,2.15
2223,26/12/2022,Aston Villa,Liverpool,1,3,A,4.75,4.0,1.7
2223,26/12/2022,Arsenal,West Ham,3,1,H,1.5,4.33,6.5
2223,27/12/2022,Chelsea,Bournemouth,2,0,H,1.3,5.5,10.0
2223,27/12/2022,Man United,Nott'm Forest,3,0,H,1.29,5.5,11.0
2223,28/12/2022,Leeds,Man City,1,3,A,9.5,6.0,1.29
2223,30/12/2022,West Ham,Brentford,0,2,A,2.0,3.6,3.6
2223,30/12/2022,Liverpool,Leicester,2,1,H,1.29,6.0,9.5
2223,31/12/2022,Wolves,Man United,0,1,A,4.0,3.6,1.91
2223,31/12/2022,Bournemouth,Crystal Palace,0,2,A,2.8,3.3,2.5
2223,31/12/2022,Fulham,Southampton,2,1,H,1.95,3.6,3.75
2223,31/12/2022,Man City,Everton,1,1,D,1.13,9.0,19.0
2223,31/12/2022,Newcastle,Leeds,0,0,D,1.45,4.5,7.0
2223,31/12/2022,Brighton,Arsenal,2,4,A,3.4,3.5,2.1
2223,01/01/2023,Tottenham,Aston Villa,0,2,A,1.67,4.0,5.0
2223,01/01/2023,Nott'm Forest,Chelsea,1,1,D,5.0,3.8,1.7
2223,02/01/2023,Brentford,Liverpool,3,1,H,5.5,4.33,1.55
2223,03/01/2023,Arsenal,Newcastle,0,0,D,1.8,3.8,4.33
2223,03/01/2023,Everton,Brighton,1,4,A,3.5,3.5,2.1
2223,03/01/2023,Leicester,Fulham,0,1,A,2.2,3.6,3.1
2223,03/01/2023,Man United,Bournemouth,3,0,H,1.29,5.5,11.0
2223,04/01/2023,Southampton,Nott'm Forest,0,1,A,2.0,3.5,3.8
2223,04/01/2023,Leeds,West Ham,2,2,D,2.6,3.5,2.6
2223,04/01/2023,Aston Villa,Wolves,1,1,D,1.95,3.6,4.0
2223,04/01/2023,Crystal Palace,Tottenham,0,4,A,3.4,3.5,2.15
2223,05/01/2023,Chelsea,Man City,0,1,A,5.0,4.0,1.67
2223,12/01/2023,Fulham,Chelsea,2,1,H,3.3,3.5,2.15
2223,13/01/2023,Aston Villa,Leeds,2,1,H,1.91,3.6,4.0
2223,14/01/2023,Man United,Man City,2,1,H,4.2,3.6,1.85
2223,14/01/2023,Brighton,Liverpool,3,0,H,3.4,3.6,2.1
2223,14/01/2023,Everton,Southampton,1,2,A,2.25,3.25,3.3
2223,14/01/2023,Nott'm Forest,Leicester,2,0,H,2.7,3.3,2.63
2223,14/01/2023,Wolves,West Ham,1,0,H,2.63,3.3,2.7
2223,14/01/2023,Brentford,Bournemouth,2,0,H,1.65,4.0,5.25
2223,15/01/2023,Chelsea,Crystal Palace,1,0,H,1.62,4.0,5.25
2223,15/01/2023,Newcastle,Fulham,1,0,H,1.5,4.33,6.5
2223,15/01/2023,Tottenham,Arsenal,0,2,A,3.1,3.6,2.2
2223,18/01/2023,Crystal Palace,Man United,1,1,D,4.5,3.6,1.8
2223,19/01/2023,Man City,Tottenham,4,2,H,1.36,5.0,8.5
2223,21/01/2023,Liverpool,Chelsea,0,0,D,1.85,3.75,4.0
2223,21/01/2023,Bournemouth,Nott'm Forest,1,1,D,2.75,3.1,2.75
2223,21/01/2023,Leicester,Brighton,2,2,D,3.6,3.5,2.05
2223,21/01/2023,Southampton,Aston Villa,0,1,A,2.88,3.25,2.55
2223,21/01/2023,West Ham,Everton,2,0,H,1.8,3.75,4.75
2223,21/01/2023,Crystal Palace,Newcastle,0,0,D,4.4,3.5,1.85
2223,22/01/2023,Leeds,Brentford,0,0,D,2.38,3.6,2.88
2223,22/01/2023,Man City,Wolves,3,0,H,1.2,8.0,11.0
2223,22/01/2023,Arsenal,Man United,3,2,H,1.8,3.8,4.2
2223,23/01/2023,Fulham,Tottenham,0,1,A,3.3,3.6,2.1
2223,03/02/2023,Chelsea,Fulham,0,0,D,1.62,4.0,5.25
2223,04/02/2023,Everton,Arsenal,1,0,H,8.5,4.5,1.4
2223,04/02/2023,Aston Villa,Leicester,2,4,A,1.95,3.6,3.8
2223,04/02/2023,Brentford,Southampton,3,0,H,1.85,3.6,4.2
2223,04/02/2023,Brighton,Bournemouth,1,0,H,1.33,5.25,8.5
2223,04/02/2023,Man United,Crystal Palace,2,1,H,1.4,4.75,8.0
2223,04/02/2023,Wolves,Liverpool,3,0,H,4.0,3.8,1.85
2223,04/02/2023,Newcastle,West Ham,1,1,D,1.6,3.8,6.0
2223,05/02/2023,Nott'm Forest,Leeds,1,0,H,2.63,3.3,2.7
2223,05/02/2023,Tottenham,Man City,1,0,H,4.33,4.2,1.73
2223,08/02/2023,Man United,Leeds,2,2,D,1.45,5.0,6.0
2223,11/02/2023,West Ham,Chelsea,1,1,D,3.3,3.3,2.25
2223,11/02/2023,Arsenal,Brentford,1,1,D,1.44,4.75,7.0
2223,11/02/2023,Crystal Palace,Brighton,1,1,D,3.8,3.5,2.0
2223,11/02/2023,Fulham,Nott'm Forest,2,0,H,1.91,3.5,4.33
2223,11/02/2023,Leicester,Tottenham,4,1,H,3.4,3.6,2.1
2223,11/02/2023,Southampton,Wolves,1,2,A,2.9,3.2,2.55
2223,11/02/2023,Bournemouth,Newcastle,1,1,D,6.5,4.0,1.53
2223,12/02/2023,Leeds,Man United,0,2,A,3.75,3.8,1.91
2223,12/02/2023,Man City,Aston Villa,3,1,H,1.25,6.5,11.0
2223,13/02/2023,Liverpool,Everton,2,0,H,1.5,4.33,6.5
2223,15/02/2023,Arsenal,Man City,1,3,A,2.9,3.5,2.35
2223,18/02/2023,Aston Villa,Arsenal,2,4,A,4.5,3.6,1.5
2223,18/02/2023,Brentford,Crystal Palace,1,1,D,1.83,3.5,4.5
2223,18/02/2023,Brighton,Fulham,0,1,A,1.65,3.8,5.5
2223,18/02/2023,Chelsea,Southampton,0,1,A,1.4,4.75,8.5
2223,18/02/2023,Everton,Leeds,1,0,H,2.4,3.3,3.0
2223,18/02/2023,Nott'm Forest,Man City,1,1,D,8.5,5.5,1.3
2223,18/02/2023,Wolves,Bournemouth,0,1,A,1.67,3.6,6.0
2223,18/02/2023,Newcastle,Liverpool,0,2,A,2.5,3.5,2.7
2223,19/02/2023,Man United,Leicester,3,0,H,1.62,4.33,5.25
2223,19/02/2023,Tottenham,West Ham,2,0,H,1.75,3.6,4.75
2223,24/02/2023,Fulham,Wolves,1,1,D,2.5,3.2,3.0
2223,25/02/2023,Everton,Aston Villa,0,2,A,2.5,3.2,3.0
2223,25/02/2023,Leeds,Southampton,1,0,H,1.95,3.5,4.0
2223,25/02/2023,Leicester,Arsenal,0,1,A,4.75,4.0,1.7
2223,25/02/2023,West Ham,Nott'm Forest,4,0,H,1.75,3.6,5.0
2223,25/02/2023,Bournemouth,Man City,1,4,A,10.0,5.75,1.29
2223,25/02/2023,Crystal Palace,Liverpool,0,0,D,4.75,3.8,1.73
2223,26/02/2023,Tottenham,Chelsea,2,0,H,2.55,3.25,2.9
2223,01/03/2023,Arsenal,Everton,4,0,H,1.36,4.75,10.0
2223,01/03/2023,Liverpool,Wolves,2,0,H,1.5,4.75,6.0
2223,04/03/2023,Man City,Newcastle,2,0,H,1.45,4.5,7.0
2223,04/03/2023,Arsenal,Bournemouth,3,2,H,1.22,7.0,12.0
2223,04/03/2023,Aston Villa,Crystal Palace,1,0,H,2.05,3.3,3.8
2223,04/03/2023,Brighton,West Ham,4,0,H,1.8,3.6,4.5
2223,04/03/2023,Chelsea,Leeds,1,0,H,1.62,4.0,5.5
2223,04/03/2023,Wolves,Tottenham,1,0,H,3.3,3.4,2.2
2223,04/03/2023,Southampton,Leicester,1,0,H,2.75,3.3,2.6
2223,05/03/2023,Nott'm Forest,Everton,2,2,D,2.7,3.0,2.88
2223,05/03/2023,Liverpool,Man United,7,0,H,2.38,3.6,2.88
2223,06/03/2023,Brentford,Fulham,3,2,H,1.95,3.6,3.75
2223,11/03/2023,Bournemouth,Liverpool,1,0,H,7.5,5.0,1.4
2223,11/03/2023,Everton,Brentford,1,0,H,2.7,3.25,2.7
2223,11/03/2023,Leeds,Brighton,2,2,D,3.75,3.6,1.95
2223,11/03/2023,Leicester,Chelsea,1,3,A,3.75,3.5,1.95
2223,11/03/2023,Tottenham,Nott'm Forest,3,1,H,1.44,4.75,7.0
2223,11/03/2023,Crystal Palace,Man City,0,1,A,9.0,4.75,1.36
2223,12/03/2023,Fulham,Arsenal,0,3,A,6.0,4.0,1.57
2223,12/03/2023,Man United,Southampton,0,0,D,1.36,5.0,9.0
2223,12/03/2023,West Ham,Aston Villa,1,1,D,2.2,3.3,3.4
2223,12/03/2023,Newcastle,Wolves,2,1,H,1.65,3.75,5.5
2223,15/03/2023,Brighton,Crystal Palace,1,0,H,1.44,4.2,8.0
2223,15/03/2023,Southampton,Brentford,0,2,A,2.88,3.25,2.5
2223,17/03/2023,Nott'm Forest,Newcastle,1,2,A,5.5,3.8,1.62
2223,18/03/2023,Aston Villa,Bournemouth,3,0,H,1.7,3.8,5.0
2223,18/03/2023,Brentford,Leicester,1,1,D,1.91,3.6,3.75
2223,18/03/2023,Southampton,Tottenham,3,3,D,4.75,3.6,1.75
2223,18/03/2023,Wolves,Leeds,2,4,A,2.25,3.2,3.3
2223,18/03/2023,Chelsea,Everton,2,2,D,1.5,4.2,7.5
2223,19/03/2023,Arsenal,Crystal Palace,4,1,H,1.25,5.5,15.0
2223,01/04/2023,Man City,Liverpool,4,1,H,1.62,4.2,5.0
2223,01/04/2023,Arsenal,Leeds,4,1,H,1.29,6.0,9.0
2223,01/04/2023,Bournemouth,Fulham,2,1,H,2.55,3.3,2.8
2223,01/04/2023,Brighton,Brentford,3,3,D,1.67,4.0,5.0
2223,01/04/2023,Crystal Palace,Leicester,2,1,H,2.5,3.25,2.9
2223,01/04/2023,Nott'm Forest,Wolves,1,1,D,3.0,3.1,2.55
2223,01/04/2023,Chelsea,Aston Villa,0,2,A,1.67,3.8,5.25
2223,02/04/2023,West Ham,Southampton,1,0,H,1.73,3.6,5.0
2223,02/04/2023,Newcastle,Man United,2,0,H,2.4,3.4,2.9
2223,03/04/2023,Everton,Tottenham,1,1,D,3.4,3.3,2.2
2223,04/04/2023,Bournemouth,Brighton,0,2,A,6.0,4.2,1.53
2223,04/04/2023,Leeds,Nott'm Forest,2,1,H,1.7,3.75,5.0
2223,04/04/2023,Leicester,Aston Villa,1,2,A,2.55,3.3,2.75
2223,04/04/2023,Chelsea,Liverpool,0,0,D,2.2,3.4,3.25
2223,05/04/2023,Man United,Brentford,1,0,H,1.65,4.0,5.0
2223,05/04/2023,West Ham,Newcastle,1,5,A,3.6,3.25,2.15
2223,08/04/2023,Man United,Everton,2,0,H,1.5,4.33,6.5
2223,08/04/2023,Aston Villa,Nott'm Forest,2,0,H,1.6,4.2,5.25
2223,08/04/2023,Brentford,Newcastle,1,2,A,3.6,3.4,2.05
2223,08/04/2023,Fulham,West Ham,0,1,A,2.8,3.25,2.63
2223,08/04/2023,Leicester,Bournemouth,0,1,A,1.83,3.75,4.2
2223,08/04/2023,Tottenham,Brighton,2,1,H,2.55,3.5,2.7
2223,08/04/2023,Wolves,Chelsea,1,0,H,4.2,3.5,1.91
2223,08/04/2023,Southampton,Man City,1,4,A,11.0,6.0,1.25
2223,09/04/2023,Leeds,Crystal Palace,1,5,A,2.1,3.4,3.6
2223,09/04/2023,Liverpool,Arsenal,2,2,D,2.88,3.6,2.38
2223,15/04/2023,Aston Villa,Newcastle,3,0,H,3.6,3.4,2.05
2223,15/04/2023,Chelsea,Brighton,1,2,A,2.63,3.4,2.63
2223,15/04/2023,Everton,Fulham,1,3,A,2.05,3.4,3.7
2223,15/04/2023,Southampton,Crystal Palace,0,2,A,2.8,3.1,2.7
2223,15/04/2023,Tottenham,Bournemouth,2,3,A,1.45,4.5,7.0
2223,15/04/2023,Wolves,Brentford,2,0,H,2.45,3.1,3.0
2223,15/04/2023,Man City,Leicester,3,1,H,1.14,8.5,15.0
2223,16/04/2023,West Ham,Arsenal,2,2,D,6.0,4.2,1.55
2223,16/04/2023,Nott'm Forest,Man United,0,2,A,5.5,4.0,1.62
2223,17/04/2023,Leeds,Liverpool,1,6,A,4.2,4.2,1.73
2223,21/04/2023,Arsenal,Southampton,3,3,D,1.2,7.0,13.0
2223,22/04/2023,Fulham,Leeds,2,1,H,2.3,3.4,3.1
2223,22/04/2023,Brentford,Aston Villa,1,1,D,2.5,3.25,2.88
2223,22/04/2023,Crystal Palace,Everton,0,0,D,2.05,3.2,3.75
2223,22/04/2023,Leicester,Wolves,2,1,H,2.38,3.3,3.0
2223,22/04/2023,Liverpool,Nott'm Forest,3,2,H,1.17,7.5,17.0
2223,23/04/2023,Bournemouth,West Ham,0,4,A,2.88,3.2,2.55
2223,23/04/2023,Newcastle,Tottenham,6,1,H,1.83,3.75,4.2
2223,25/04/2023,Wolves,Crystal Palace,2,0,H,2.45,3.2,3.0
2223,25/04/2023,Aston Villa,Fulham,1,0,H,1.75,4.0,4.2
2223,25/04/2023,Leeds,Leicester,1,1,D,2.3,3.5,3.0
2223,26/04/2023,Nott'm Forest,Brighton,3,1,H,6.0,4.2,1.53
2223,26/04/2023,Chelsea,Brentford,0,2,A,1.7,4.0,4.75
2223,26/04/2023,West Ham,Liverpool,1,2,A,3.9,3.9,1.85
2223,26/04/2023,Man City,Arsenal,4,1,H,1.55,4.5,5.25
2223,27/04/2023,Everton,Newcastle,1,4,A,4.75,3.6,1.73
2223,27/04/2023,Southampton,Bournemouth,0,1,A,2.25,3.4,3.2
2223,27/04/2023,Tottenham,Man United,2,2,D,2.8,3.6,2.4
2223,29/04/2023,Crystal Palace,West Ham,4,3,H,2.63,3.25,2.75
2223,29/04/2023,Brentford,Nott'm Forest,2,1,H,1.65,3.8,5.5
2223,29/04/2023,Brighton,Wolves,6,0,H,1.5,4.33,6.5
2223,30/04/2023,Bournemouth,Leeds,4,1,H,2.55,3.5,2.7
2223,30/04/2023,Fulham,Man City,1,2,A,12.0,6.0,1.25
2223,30/04/2023,Man United,Aston Villa,1,0,H,1.73,3.9,4.6
2223,30/04/2023,Newcastle,Southampton,3,1,H,1.3,5.25,10.0
2223,30/04/2023,Liverpool,Tottenham,4,3,H,1.53,4.5,5.75
2223,01/05/2023,Leicester,Everton,2,2,D,2.0,3.5,3.75
2223,02/05/2023,Arsenal,Chelsea,3,1,H,1.6,4.0,5.5
2223,03/05/2023,Liverpool,Fulham,1,0,H,1.25,5.75,11.0
2223,03/05/2023,Man City,West Ham,3,0,H,1.2,7.0,13.0
2223,04/05/2023,Brighton,Man United,1,0,H,1.95,3.5,3.75
2223,06/05/2023,Bournemouth,Chelsea,1,3,A,3.3,3.5,2.15
2223,06/05/2023,Man City,Leeds,2,1,H,1.17,8.5,15.0
2223,06/05/2023,Tottenham,Crystal Palace,1,0,H,1.8,3.8,4.2
2223,06/05/2023,Wolves,Aston Villa,1,0,H,2.88,3.3,2.5
2223,06/05/2023,Liverpool,Brentford,1,0,H,1.44,5.0,6.0
2223,07/05/2023,Newcastle,Arsenal,0,2,A,2.45,3.75,2.63
2223,07/05/2023,West Ham,Man United,1,0,H,3.4,3.75,2.05
2223,08/05/2023,Fulham,Leicester,5,3,H,2.63,3.5,2.6
2223,08/05/2023,Brighton,Everton,1,5,A,1.33,5.25,9.0
2223,08/05/2023,Nott'm Forest,Southampton,4,3,H,2.1,3.6,3.4
2223,13/05/2023,Leeds,Newcastle,2,2,D,4.33,4.2,1.7
2223,13/05/2023,Aston Villa,Tottenham,2,1,H,2.25,3.6,2.9
2223,13/05/2023,Chelsea,Nott'm Forest,2,2,D,1.5,4.5,6.0
2223,13/05/2023,Crystal Palace,Bournemouth,2,0,H,1.83,3.6,4.2
2223,13/05/2023,Man United,Wolves,2,0,H,1.36,5.0,7.5
2223,13/05/2023,Southampton,Fulham,0,2,A,2.75,3.3,2.5
2223,14/05/2023,Brentford,West Ham,2,0,H,2.0,3.5,3.6
2223,14/05/2023,Everton,Man City,0,3,A,9.0,4.75,1.36
2223,14/05/2023,Arsenal,Brighton,0,3,A,1.73,4.2,4.2
2223,15/05/2023,Leicester,Liverpool,0,3,A,5.25,4.33,1.57
2223,18/05/2023,Newcastle,Brighton,4,1,H,2.0,3.8,3.5
2223,20/05/2023,Tottenham,Brentford,1,3,A,1.83,3.9,4.0
2223,20/05/2023,Bournemouth,Man United,0,1,A,6.0,4.75,1.5
2223,20/05/2023,Fulham,Crystal Palace,2,2,D,2.45,3.4,2.9
2223,20/05/2023,Liverpool,Aston Villa,1,1,D,1.45,5.0,6.25
2223,20/05/2023,Wolves,Everton,1,1,D,2.75,3.3,2.6
2223,20/05/2023,Nott'm Forest,Arsenal,1,0,H,5.25,4.33,1.57
2223,21/05/2023,West Ham,Leeds,3,1,H,2.4,3.5,2.88
2223,21/05/2023,Brighton,Southampton,3,1,H,1.22,7.0,11.0
2223,21/05/2023,Man City,Chelsea,1,0,H,1.25,6.0,11.0
2223,22/05/2023,Newcastle,Leicester,0,0,D,1.36,5.5,7.0
2223,24/05/2023,Brighton,Man City,1,1,D,4.0,4.33,1.75
2223,25/05/2023,Man United,Chelsea,4,1,H,1.6,4.33,5.0
2223,28/05/2023,Arsenal,Wolves,5,0,H,1.36,5.25,8.0
2223,28/05/2023,Aston Villa,Brighton,2,1,H,2.0,3.6,3.5
2223,28/05/2023,Brentford,Man City,1,0,H,3.8,4.0,1.83
2223,28/05/2023,Chelsea,Newcastle,1,1,D,2.9,3.5,2.38
2223,28/05/2023,Crystal Palace,Nott'm Forest,1,1,D,1.67,4.0,5.0
2223,28/05/2023,Everton,Bournemouth,1,0,H,1.5,4.5,6.5
2223,28/05/2023,Leeds,Tottenham,1,4,A,2.75,3.8,2.3
2223,28/05/2023,Leicester,West Ham,2,1,H,1.91,3.8,3.6
2223,28/05/2023,Man United,Fulham,2,1,H,1.5,4.33,6.0
2223,28/05/2023,Southampton,Liverpool,4,4,D,6.5,4.75,1.44
2324,11/08/2023,Burnley,Man City,0,3,A,8.0,5.5,1.33
2324,12/08/2023,Arsenal,Nott'm Forest,2,1,H,1.18,7.0,15.0
2324,12/08/2023,Bournemouth,West Ham,1,1,D,2.7,3.4,2.55
2324,12/08/2023,Brighton,Luton,4,1,H,1.33,5.5,9.0
2324,12/08/2023,Everton,Fulham,0,1,A,2.2,3.4,3.3
2324,12/08/2023,Sheffield United,Crystal Palace,0,1,A,3.0,3.3,2.38
2324,12/08/2023,Newcastle,Aston Villa,5,1,H,1.75,3.75,4.6
2324,13/08/2023,Brentford,Tottenham,2,2,D,2.75,3.4,2.45
2324,13/08/2023,Chelsea,Liverpool,1,1,D,2.9,3.4,2.38
2324,14/08/2023,Man United,Wolves,1,0,H,1.33,5.5,9.0
2324,18/08/2023,Nott'm Forest,Sheffield United,2,1,H,1.95,3.4,4.0
2324,19/08/2023,Fulham,Brentford,0,3,A,2.7,3.3,2.63
2324,19/08/2023,Liverpool,Bournemouth,3,1,H,1.2,7.0,13.0
2324,19/08/2023,Wolves,Brighton,1,4,A,4.0,3.8,1.85
2324,19/08/2023,Tottenham,Man United,2,0,H,2.8,3.6,2.38
2324,19/08/2023,Man City,Newcastle,1,0,H,1.67,4.0,5.0
2324,20/08/2023,Aston Villa,Everton,4,0,H,1.7,4.0,4.5
2324,20/08/2023,West Ham,Chelsea,3,1,H,3.75,3.5,2.0
2324,21/08/2023,Crystal Palace,Arsenal,0,1,A,5.5,4.0,1.6
2324,25/08/2023,Chelsea,Luton,3,0,H,1.29,5.5,11.0
2324,26/08/2023,Bournemouth,Tottenham,0,2,A,3.8,3.75,1.91
2324,26/08/2023,Arsenal,Fulham,2,2,D,1.2,7.0,13.0
2324,26/08/2023,Brentford,Crystal Palace,1,1,D,2.15,3.4,3.5
2324,26/08/2023,Everton,Wolves,0,1,A,2.3,3.3,3.2
2324,26/08/2023,Man United,Nott'm Forest,3,2,H,1.3,6.0,8.0
2324,26/08/2023,Brighton,West Ham,1,3,A,1.53,4.75,5.25
2324,27/08/2023,Burnley,Aston Villa,1,3,A,3.4,3.4,2.15
2324,27/08/2023,Sheffield United,Man City,1,2,A,13.0,8.0,1.17
2324,27/08/2023,Newcastle,Liverpool,1,2,A,2.2,3.75,3.0
2324,01/09/2023,Luton,West Ham,1,2,A,4.75,3.8,1.73
2324,02/09/2023,Sheffield United,Everton,2,2,D,2.9,3.25,2.5
2324,02/09/2023,Brentford,Bournemouth,2,2,D,1.73,3.8,4.75
2324,02/09/2023,Burnley,Tottenham,2,5,A,3.6,4.0,1.85
2324,02/09/2023,Chelsea,Nott'm Forest,0,1,A,1.4,4.5,8.5
2324,02/09/2023,Man City,Fulham,5,1,H,1.17,8.0,15.0
2324,02/09/2023,Brighton,Newcastle,3,1,H,2.5,3.8,2.55
2324,03/09/2023,Crystal Palace,Wolves,3,2,H,1.91,3.3,4.33
2324,03/09/2023,Liverpool,Aston Villa,3,0,H,1.65,4.5,4.5
2324,03/09/2023,Arsenal,Man United,3,1,H,1.75,3.8,4.5
2324,16/09/2023,Wolves,Liverpool,1,3,A,6.0,5.0,1.45
2324,16/09/2023,Aston Villa,Crystal Palace,3,1,H,1.91,3.6,4.0
2324,16/09/2023,Fulham,Luton,1,0,H,1.67,3.75,5.5
2324,16/09/2023,Man United,Brighton,1,3,A,2.15,4.0,2.88
2324,16/09/2023,Tottenham,Sheffield United,2,1,H,1.29,5.5,11.0
2324,16/09/2023,West Ham,Man City,1,3,A,7.0,4.5,1.45
2324,16/09/2023,Newcastle,Brentford,1,0,H,1.53,4.2,6.0
2324,17/09/2023,Bournemouth,Chelsea,0,0,D,4.33,3.75,1.8
2324,17/09/2023,Everton,Arsenal,0,1,A,6.0,4.5,1.5
2324,18/09/2023,Nott'm Forest,Burnley,1,1,D,2.2,3.5,3.25
2324,23/09/2023,Crystal Palace,Fulham,0,0,D,1.91,3.4,4.2
2324,23/09/2023,Luton,Wolves,1,1,D,3.25,3.4,2.2
2324,23/09/2023,Man City,Nott'm Forest,2,0,H,1.14,8.5,15.0
2324,23/09/2023,Brentford,Everton,1,3,A,1.8,3.8,4.2
2324,23/09/2023,Burnley,Man United,0,1,A,4.2,4.2,1.73
2324,24/09/2023,Arsenal,Tottenham,2,2,D,1.67,4.33,4.33
2324,24/09/2023,Brighton,Bournemouth,3,1,H,1.36,5.25,7.5
2324,24/09/2023,Chelsea,Aston Villa,0,1,A,1.91,3.75,3.8
2324,24/09/2023,Liverpool,West Ham,3,1,H,1.4,5.0,7.0
2324,24/09/2023,Sheffield United,Newcastle,0,8,A,7.0,4.75,1.44
2324,30/09/2023,Aston Villa,Brighton,6,1,H,2.55,3.75,2.55
2324,30/09/2023,Bournemouth,Arsenal,0,4,A,5.5,4.5,1.53
2324,30/09/2023,Everton,Luton,1,2,A,1.57,3.8,6.5
2324,30/09/2023,Man United,Crystal Palace,0,1,A,1.55,4.2,5.75
2324,30/09/2023,Newcastle,Burnley,2,0,H,1.3,5.75,9.0
2324,30/09/2023,West Ham,Sheffield United,2,0,H,1.45,4.5,7.0
2324,30/09/2023,Wolves,Man City,2,1,H,8.0,5.75,1.33
2324,30/09/2023,Tottenham,Liverpool,2,1,H,2.9,4.0,2.15
2324,01/10/2023,Nott'm Forest,Brentford,1,1,D,2.75,3.1,2.7
2324,02/10/2023,Fulham,Chelsea,0,2,A,3.6,3.5,2.05
2324,03/10/2023,Luton,Burnley,1,2,A,2.9,3.0,2.63
2324,07/10/2023,Luton,Tottenham,0,1,A,6.0,4.75,1.45
2324,07/10/2023,Burnley,Chelsea,1,4,A,4.5,3.8,1.73
2324,07/10/2023,Everton,Bournemouth,3,0,H,1.91,3.6,3.8
2324,07/10/2023,Fulham,Sheffield United,3,1,H,1.62,3.8,6.0
2324,07/10/2023,Man United,Brentford,2,1,H,1.67,4.2,4.75
2324,07/10/2023,Crystal Palace,Nott'm Forest,0,0,D,2.2,3.1,3.6
2324,08/10/2023,Brighton,Liverpool,2,2,D,3.0,3.8,2.2
2324,08/10/2023,West Ham,Newcastle,2,2,D,3.2,3.75,2.1
2324,08/10/2023,Wolves,Aston Villa,1,1,D,3.5,3.4,2.1
2324,08/10/2023,Arsenal,Man City,1,0,H,2.9,3.3,2.4
2324,21/10/2023,Liverpool,Everton,2,0,H,1.33,5.75,7.5
2324,21/10/2023,Bournemouth,Wolves,1,2,A,2.38,3.4,3.0
2324,21/10/2023,Brentford,Burnley,3,0,H,1.83,3.75,4.2
2324,21/10/2023,Man City,Brighton,2,1,H,1.4,5.25,6.5
2324,21/10/2023,Newcastle,Crystal Palace,4,0,H,1.45,4.5,7.0
2324,21/10/2023,Nott'm Forest,Luton,2,2,D,1.67,3.75,5.5
2324,21/10/2023,Chelsea,Arsenal,2,2,D,3.2,3.4,2.25
2324,21/10/2023,Sheffield United,Man United,1,2,A,6.5,5.25,1.4
2324,22/10/2023,Aston Villa,West Ham,4,1,H,1.85,3.6,4.0
2324,23/10/2023,Tottenham,Fulham,2,0,H,1.5,4.5,6.0
2324,27/10/2023,Crystal Palace,Tottenham,1,2,A,4.5,3.75,1.75
2324,28/10/2023,Chelsea,Brentford,0,2,A,1.65,4.0,5.25
2324,28/10/2023,Arsenal,Sheffield United,5,0,H,1.13,8.5,19.0
2324,28/10/2023,Bournemouth,Burnley,2,1,H,2.15,3.5,3.3
2324,28/10/2023,Wolves,Newcastle,2,2,D,4.2,4.0,1.75
2324,29/10/2023,West Ham,Everton,0,1,A,2.15,3.5,3.3
2324,29/10/2023,Aston Villa,Luton,3,1,H,1.25,6.5,9.5
2324,29/10/2023,Brighton,Fulham,1,1,D,1.55,4.2,5.5
2324,29/10/2023,Liverpool,Nott'm Forest,3,0,H,1.29,5.75,11.0
2324,29/10/2023,Man United,Man City,0,3,A,5.0,3.8,1.67
2324,04/11/2023,Fulham,Man United,0,1,A,3.2,3.6,2.2
2324,04/11/2023,Brentford,West Ham,3,2,H,2.05,3.6,3.5
2324,04/11/2023,Burnley,Crystal Palace,0,2,A,2.75,3.25,2.6
2324,04/11/2023,Everton,Brighton,1,1,D,3.1,3.6,2.2
2324,04/11/2023,Man City,Bournemouth,6,1,H,1.1,11.0,19.0
2324,04/11/2023,Sheffield United,Wolves,2,1,H,3.8,3.5,2.0
2324,04/11/2023,Newcastle,Arsenal,1,0,H,2.8,3.2,2.6
2324,05/11/2023,Nott'm Forest,Aston Villa,2,0,H,4.2,3.75,1.85
2324,05/11/2023,Luton,Liverpool,1,1,D,12.0,6.5,1.22
2324,06/11/2023,Tottenham,Chelsea,1,4,A,2.0,3.75,3.5
2324,11/11/2023,Wolves,Tottenham,2,1,H,3.1,3.75,2.2
2324,11/11/2023,Arsenal,Burnley,3,1,H,1.18,7.0,17.0
2324,11/11/2023,Crystal Palace,Everton,2,3,A,2.45,3.2,3.0
2324,11/11/2023,Man United,Luton,1,0,H,1.33,5.25,9.5
2324,11/11/2023,Bournemouth,Newcastle,2,0,H,4.75,4.0,1.73
2324,12/11/2023,Aston Villa,Fulham,3,1,H,1.57,4.2,5.5
2324,12/11/2023,Brighton,Sheffield United,1,1,D,1.25,5.75,13.0
2324,12/11/2023,Liverpool,Brentford,3,0,H,1.4,5.0,6.5
2324,12/11/2023,West Ham,Nott'm Forest,3,2,H,1.85,3.6,4.0
2324,12/11/2023,Chelsea,Man City,4,4,D,5.0,3.7,1.73
2324,25/11/2023,Man City,Liverpool,1,1,D,1.73,4.2,4.2
2324,25/11/2023,Burnley,West Ham,1,2,A,3.4,3.5,2.05
2324,25/11/2023,Luton,Crystal Palace,2,1,H,3.6,3.3,2.1
2324,25/11/2023,Newcastle,Chelsea,4,1,H,2.55,3.5,2.63
2324,25/11/2023,Nott'm Forest,Brighton,2,3,A,3.2,3.6,2.15
2324,25/11/2023,Sheffield United,Bournemouth,1,3,A,3.2,3.5,2.2
2324,25/11/2023,Brentford,Arsenal,0,1,A,4.5,3.75,1.75
2324,26/11/2023,Tottenham,Aston Villa,1,2,A,2.3,3.8,2.8
2324,26/11/2023,Everton,Man United,0,3,A,2.7,3.4,2.55
2324,27/11/2023,Fulham,Wolves,3,2,H,2.38,3.3,3.0
2324,02/12/2023,Arsenal,Wolves,2,1,H,1.25,5.5,12.0
2324,02/12/2023,Brentford,Luton,3,1,H,1.45,4.5,6.5
2324,02/12/2023,Burnley,Sheffield United,5,0,H,1.8,3.6,4.5
2324,02/12/2023,Nott'm Forest,Everton,0,1,A,2.75,3.25,2.6
2324,02/12/2023,Newcastle,Man United,1,0,H,1.91,3.75,3.8
2324,03/12/2023,Bournemouth,Aston Villa,2,2,D,3.4,4.0,1.95
2324,03/12/2023,Chelsea,Brighton,3,2,H,1.73,4.2,4.2
2324,03/12/2023,Liverpool,Fulham,4,3,H,1.25,6.5,9.0
2324,03/12/2023,West Ham,Crystal Palace,1,1,D,2.0,3.5,3.8
2324,03/12/2023,Man City,Tottenham,3,3,D,1.29,6.0,9.0
2324,05/12/2023,Wolves,Burnley,1,0,H,1.85,3.6,4.2
2324,05/12/2023,Luton,Arsenal,3,4,A,17.0,7.0,1.18
2324,06/12/2023,Brighton,Brentford,2,1,H,1.91,3.8,3.75
2324,06/12/2023,Crystal Palace,Bournemouth,0,2,A,2.25,3.5,3.1
2324,06/12/2023,Fulham,Nott'm Forest,5,0,H,2.0,3.4,3.75
2324,06/12/2023,Sheffield United,Liverpool,0,2,A,12.0,7.5,1.2
2324,06/12/2023,Aston Villa,Man City,1,0,H,4.75,4.2,1.7
2324,06/12/2023,Man United,Chelsea,2,1,H,2.88,3.4,2.45
2324,07/12/2023,Everton,Newcastle,3,0,H,3.25,3.25,2.25
2324,07/12/2023,Tottenham,West Ham,1,2,A,1.75,4.2,4.2
2324,09/12/2023,Crystal Palace,Liverpool,1,2,A,6.0,4.5,1.5
2324,09/12/2023,Brighton,Burnley,1,1,D,1.5,4.75,6.0
2324,09/12/2023,Man United,Bournemouth,0,3,A,1.55,4.33,5.75
2324,09/12/2023,Sheffield United,Brentford,1,0,H,4.2,3.8,1.75
2324,09/12/2023,Wolves,Nott'm Forest,1,1,D,1.85,3.6,4.33
2324,09/12/2023,Aston Villa,Arsenal,1,0,H,3.3,3.6,2.1
2324,10/12/2023,Everton,Chelsea,2,0,H,3.1,3.5,2.25
2324,10/12/2023,Fulham,West Ham,5,0,H,2.38,3.5,2.9
2324,10/12/2023,Luton,Man City,1,2,A,17.0,8.0,1.14
2324,10/12/2023,Tottenham,Newcastle,4,1,H,2.15,3.8,3.1
2324,15/12/2023,Nott'm Forest,Tottenham,0,2,A,4.2,4.2,1.73
2324,16/12/2023,Chelsea,Sheffield United,2,0,H,1.22,6.5,13.0
2324,16/12/2023,Man City,Crystal Palace,2,2,D,1.18,8.0,13.0
2324,16/12/2023,Newcastle,Fulham,3,0,H,1.8,3.8,4.0
2324,16/12/2023,Burnley,Everton,0,2,A,3.6,3.4,2.1
2324,17/12/2023,Arsenal,Brighton,2,0,H,1.44,5.0,6.0
2324,17/12/2023,Brentford,Aston Villa,1,2,A,3.2,3.75,2.1
2324,17/12/2023,West Ham,Wolves,3,0,H,2.15,3.5,3.3
2324,17/12/2023,Liverpool,Man United,0,0,D,1.3,6.0,8.0
2324,21/12/2023,Crystal Palace,Brighton,1,1,D,3.3,3.3,2.15
2324,22/12/2023,Aston Villa,Sheffield United,1,1,D,1.22,6.5,12.0
2324,23/12/2023,West Ham,Man United,2,0,H,2.6,3.6,2.6
2324,23/12/2023,Fulham,Burnley,0,2,A,1.67,3.75,5.25
2324,23/12/2023,Luton,Newcastle,1,0,H,4.75,4.2,1.65
2324,23/12/2023,Nott'm Forest,Bournemouth,2,3,A,2.75,3.4,2.55
2324,23/12/2023,Tottenham,Everton,2,1,H,1.75,4.2,4.0
2324,23/12/2023,Liverpool,Arsenal,1,1,D,2.38,3.6,2.8
2324,24/12/2023,Wolves,Chelsea,2,1,H,3.75,3.75,1.91
2324,26/12/2023,Newcastle,Nott'm Forest,1,3,A,1.5,4.33,5.75
2324,26/12/2023,Bournemouth,Fulham,3,0,H,2.15,3.6,3.2
2324,26/12/2023,Sheffield United,Luton,2,3,A,2.3,3.3,3.1
2324,26/12/2023,Burnley,Liverpool,0,2,A,6.5,5.25,1.4
2324,26/12/2023,Man United,Aston Villa,3,2,H,2.6,3.5,2.6
2324,27/12/2023,Brentford,Wolves,1,4,A,1.95,3.5,4.2
2324,27/12/2023,Chelsea,Crystal Palace,2,1,H,1.67,4.0,5.0
2324,27/12/2023,Everton,Man City,1,3,A,5.75,4.0,1.57
2324,28/12/2023,Brighton,Tottenham,4,2,H,2.5,3.6,2.6
2324,28/12/2023,Arsenal,West Ham,0,2,A,1.33,5.5,7.5
2324,30/12/2023,Luton,Chelsea,2,3,A,6.5,4.2,1.5
2324,30/12/2023,Aston Villa,Burnley,3,2,H,1.36,5.25,7.5
2324,30/12/2023,Crystal Palace,Brentford,3,1,H,2.2,3.3,3.4
2324,30/12/2023,Man City,Sheffield United,2,0,H,1.08,11.0,29.0
2324,30/12/2023,Wolves,Everton,3,0,H,2.63,3.3,2.7
2324,30/12/2023,Nott'm Forest,Man United,2,1,H,3.2,3.6,2.15
2324,31/12/2023,Fulham,Arsenal,2,1,H,5.25,4.5,1.55
2324,31/12/2023,Tottenham,Bournemouth,3,1,H,1.75,4.2,4.0
2324,01/01/2024,Liverpool,Newcastle,4,2,H,1.45,4.5,7.0
2324,02/01/2024,West Ham,Brighton,0,0,D,2.45,3.75,2.75
2324,12/01/2024,Burnley,Luton,1,1,D,2.0,3.6,3.6
2324,13/01/2024,Chelsea,Fulham,1,0,H,1.6,4.2,5.25
2324,13/01/2024,Newcastle,Man City,2,3,A,5.5,4.33,1.55
2324,14/01/2024,Everton,Aston Villa,0,0,D,2.8,3.5,2.45
2324,14/01/2024,Man United,Tottenham,2,2,D,2.2,3.75,3.0
2324,20/01/2024,Arsenal,Crystal Palace,5,0,H,1.3,5.75,9.0
2324,20/01/2024,Brentford,Nott'm Forest,3,2,H,1.91,3.6,4.0
2324,21/01/2024,Sheffield United,West Ham,2,2,D,3.4,3.3,2.2
2324,21/01/2024,Bournemouth,Liverpool,0,4,A,4.2,4.5,1.7
2324,22/01/2024,Brighton,Wolves,0,0,D,1.65,4.33,5.0
2324,30/01/2024,Nott'm Forest,Arsenal,1,2,A,7.5,5.0,1.4
2324,30/01/2024,Fulham,Everton,0,0,D,2.45,3.2,3.0
2324,30/01/2024,Luton,Brighton,4,0,H,4.2,4.2,1.75
2324,30/01/2024,Crystal Palace,Sheffield United,3,2,H,1.62,3.6,6.5
2324,30/01/2024,Aston Villa,Newcastle,1,3,A,1.85,4.0,3.8
2324,31/01/2024,Man City,Burnley,3,1,H,1.08,12.0,21.0
2324,31/01/2024,Tottenham,Brentford,3,2,H,1.67,4.2,4.75
2324,31/01/2024,Liverpool,Chelsea,4,1,H,1.57,4.33,5.25
2324,01/02/2024,West Ham,Bournemouth,1,1,D,2.4,3.75,2.75
2324,01/02/2024,Wolves,Man United,3,4,A,2.63,3.6,2.55
2324,03/02/2024,Everton,Tottenham,2,2,D,3.0,3.6,2.25
2324,03/02/2024,Brighton,Crystal Palace,4,1,H,1.7,4.0,4.75
2324,03/02/2024,Burnley,Fulham,2,2,D,2.9,3.4,2.38
2324,03/02/2024,Newcastle,Luton,4,4,D,1.44,4.75,6.5
2324,03/02/2024,Sheffield United,Aston Villa,0,5,A,5.25,4.2,1.62
2324,04/02/2024,Bournemouth,Nott'm Forest,1,1,D,1.7,4.2,4.5
2324,04/02/2024,Chelsea,Wolves,2,4,A,1.62,4.0,5.5
2324,04/02/2024,Man United,West Ham,3,0,H,1.62,4.2,5.0
2324,04/02/2024,Arsenal,Liverpool,3,1,H,2.2,3.6,3.1
2324,05/02/2024,Brentford,Man City,1,3,A,7.0,4.75,1.4
2324,10/02/2024,Man City,Everton,2,0,H,1.18,8.0,13.0
2324,10/02/2024,Fulham,Bournemouth,3,1,H,2.38,3.5,2.8
2324,10/02/2024,Liverpool,Burnley,3,1,H,1.17,8.0,17.0
2324,10/02/2024,Luton,Sheffield United,1,3,A,1.75,3.75,4.75
2324,10/02/2024,Tottenham,Brighton,2,1,H,1.8,4.2,3.8
2324,10/02/2024,Wolves,Brentford,0,2,A,2.1,3.6,3.4
2324,10/02/2024,Nott'm Forest,Newcastle,2,3,A,3.3,3.75,2.05
2324,11/02/2024,West Ham,Arsenal,0,6,A,6.0,4.33,1.53
2324,11/02/2024,Aston Villa,Man United,1,2,A,2.15,3.75,3.1
2324,12/02/2024,Crystal Palace,Chelsea,1,3,A,4.2,3.8,1.85
2324,17/02/2024,Brentford,Liverpool,1,4,A,5.5,4.33,1.57
2324,17/02/2024,Burnley,Arsenal,0,5,A,10.0,5.75,1.29
2324,17/02/2024,Fulham,Aston Villa,1,2,A,2.9,3.75,2.2
2324,17/02/2024,Newcastle,Bournemouth,2,2,D,1.83,4.2,3.75
2324,17/02/2024,Nott'm Forest,West Ham,2,0,H,2.38,3.5,2.9
2324,17/02/2024,Tottenham,Wolves,1,2,A,1.53,4.75,5.25
2324,17/02/2024,Man City,Chelsea,1,1,D,1.33,5.5,8.0
2324,18/02/2024,Sheffield United,Brighton,0,5,A,5.0,4.2,1.62
2324,18/02/2024,Luton,Man United,1,2,A,4.0,4.0,1.8
2324,19/02/2024,Everton,Crystal Palace,1,1,D,1.7,3.6,5.25
2324,20/02/2024,Man City,Brentford,1,0,H,1.18,8.0,13.0
2324,21/02/2024,Liverpool,Luton,4,1,H,1.2,7.0,13.0
2324,24/02/2024,Aston Villa,Nott'm Forest,4,2,H,1.53,4.5,5.75
2324,24/02/2024,Brighton,Everton,1,1,D,1.83,3.8,4.2
2324,24/02/2024,Crystal Palace,Burnley,3,0,H,1.95,3.5,4.0
2324,24/02/2024,Man United,Fulham,1,2,A,1.57,4.33,5.5
2324,24/02/2024,Bournemouth,Man City,0,1,A,7.0,5.25,1.4
2324,24/02/2024,Arsenal,Newcastle,4,1,H,1.36,5.25,8.0
2324,25/02/2024,Wolves,Sheffield United,1,0,H,1.44,4.75,7.0
2324,26/02/2024,West Ham,Brentford,4,2,H,2.5,3.5,2.75
2324,02/03/2024,Brentford,Chelsea,2,2,D,3.1,3.75,2.15
2324,02/03/2024,Everton,West Ham,1,3,A,2.05,3.6,3.5
2324,02/03/2024,Fulham,Brighton,3,0,H,2.55,3.6,2.63
2324,02/03/2024,Newcastle,Wolves,3,0,H,1.91,4.0,3.6
2324,02/03/2024,Nott'm Forest,Liverpool,0,1,A,6.0,4.33,1.53
2324,02/03/2024,Tottenham,Crystal Palace,3,1,H,1.5,4.33,6.5
2324,02/03/2024,Luton,Aston Villa,2,3,A,4.33,4.2,1.73
2324,03/03/2024,Burnley,Bournemouth,0,2,A,3.75,3.6,1.95
2324,03/03/2024,Man City,Man United,3,1,H,1.25,5.75,11.0
2324,04/03/2024,Sheffield United,Arsenal,0,6,A,17.0,7.0,1.18
2324,09/03/2024,Man United,Everton,2,0,H,1.83,3.6,4.0
2324,09/03/2024,Bournemouth,Sheffield United,2,2,D,1.33,5.25,8.0
2324,09/03/2024,Crystal Palace,Luton,1,1,D,1.75,3.8,4.2
2324,09/03/2024,Wolves,Fulham,2,1,H,2.5,3.4,2.75
2324,09/03/2024,Arsenal,Brentford,2,1,H,1.22,7.0,11.0
2324,10/03/2024,Aston Villa,Tottenham,0,4,A,2.38,4.0,2.6
2324,10/03/2024,Brighton,Nott'm Forest,1,0,H,1.8,4.0,4.0
2324,10/03/2024,West Ham,Burnley,2,2,D,1.67,4.0,4.75
2324,10/03/2024,Liverpool,Man City,1,1,D,3.0,3.75,2.2
2324,11/03/2024,Chelsea,Newcastle,3,2,H,1.91,4.0,3.6
2324,13/03/2024,Bournemouth,Luton,4,3,H,1.5,4.75,5.75
2324,16/03/2024,Burnley,Brentford,2,1,H,3.25,3.6,2.15
2324,16/03/2024,Luton,Nott'm Forest,1,1,D,2.8,3.5,2.45
2324,16/03/2024,Fulham,Tottenham,3,0,H,3.5,3.8,1.95
2324,17/03/2024,West Ham,Aston Villa,1,1,D,2.63,3.75,2.45
2324,30/03/2024,Newcastle,West Ham,4,3,H,1.83,4.2,3.8
2324,30/03/2024,Bournemouth,Everton,2,1,H,2.2,3.6,3.2
2324,30/03/2024,Chelsea,Burnley,2,2,D,1.29,6.0,9.5
2324,30/03/2024,Nott'm Forest,Crystal Palace,1,1,D,2.2,3.3,3.4
2324,30/03/2024,Sheffield United,Fulham,3,3,D,4.5,4.0,1.73
2324,30/03/2024,Tottenham,Luton,2,1,H,1.2,8.0,11.0
2324,30/03/2024,Aston Villa,Wolves,2,0,H,1.6,4.33,5.0
2324,30/03/2024,Brentford,Man United,1,1,D,3.0,3.8,2.2
2324,31/03/2024,Liverpool,Brighton,2,1,H,1.36,5.5,7.5
2324,31/03/2024,Man City,Arsenal,0,0,D,1.91,3.8,3.8
2324,02/04/2024,Newcastle,Everton,1,1,D,2.0,3.75,3.5
2324,02/04/2024,Nott'm Forest,Fulham,3,1,H,2.7,3.4,2.63
2324,02/04/2024,Bournemouth,Crystal Palace,1,0,H,1.95,3.8,3.6
2324,02/04/2024,Burnley,Wolves,1,1,D,2.45,3.6,2.75
2324,02/04/2024,West Ham,Tottenham,1,1,D,3.3,4.2,1.95
2324,03/04/2024,Arsenal,Luton,2,0,H,1.1,10.0,19.0
2324,03/04/2024,Brentford,Brighton,0,0,D,2.38,3.8,2.75
2324,03/04/2024,Man City,Aston Villa,4,1,H,1.3,6.0,8.0
2324,04/04/2024,Liverpool,Sheffield United,3,1,H,1.09,12.0,21.0
2324,04/04/2024,Chelsea,Man United,4,3,H,2.0,4.0,3.4
2324,06/04/2024,Crystal Palace,Man City,2,4,A,9.5,5.25,1.33
2324,06/04/2024,Aston Villa,Brentford,3,3,D,1.7,4.0,4.75
2324,06/04/2024,Everton,Burnley,1,0,H,1.65,4.0,5.25
2324,06/04/2024,Fulham,Newcastle,0,1,A,2.38,3.8,2.8
2324,06/04/2024,Luton,Bournemouth,2,1,H,3.75,3.8,1.91
2324,06/04/2024,Wolves,West Ham,1,2,A,2.5,3.6,2.7
2324,06/04/2024,Brighton,Arsenal,0,3,A,5.0,4.33,1.62
2324,07/04/2024,Man United,Liverpool,2,2,D,4.75,4.5,1.6
2324,07/04/2024,Sheffield United,Chelsea,2,2,D,7.0,5.25,1.4
2324,07/04/2024,Tottenham,Nott'm Forest,3,1,H,1.4,5.5,6.5
2324,13/04/2024,Newcastle,Tottenham,4,0,H,2.7,4.0,2.3
2324,13/04/2024,Brentford,Sheffield United,2,0,H,1.44,5.0,6.5
2324,13/04/2024,Burnley,Brighton,1,1,D,3.5,3.75,2.0
2324,13/04/2024,Man City,Luton,5,1,H,1.1,11.0,19.0
2324,13/04/2024,Nott'm Forest,Wolves,2,2,D,2.1,3.4,3.5
2324,13/04/2024,Bournemouth,Man United,2,2,D,2.4,3.9,2.6
2324,14/04/2024,Liverpool,Crystal Palace,0,1,A,1.22,7.0,12.0
2324,14/04/2024,West Ham,Fulham,0,2,A,2.38,3.6,2.8
2324,14/04/2024,Arsenal,Aston Villa,0,2,A,1.29,5.75,10.0
2324,15/04/2024,Chelsea,Everton,6,0,H,1.7,4.2,4.5
2324,20/04/2024,Luton,Brentford,1,5,A,3.1,3.75,2.15
2324,20/04/2024,Sheffield United,Burnley,1,4,A,2.75,3.6,2.45
2324,20/04/2024,Wolves,Arsenal,0,2,A,8.5,4.5,1.4
2324,21/04/2024,Everton,Nott'm Forest,2,0,H,2.05,3.5,3.6
2324,21/04/2024,Aston Villa,Bournemouth,3,1,H,1.85,4.0,3.6
2324,21/04/2024,Crystal Palace,West Ham,5,2,H,2.1,3.6,3.4
2324,21/04/2024,Fulham,Liverpool,1,3,A,5.25,4.5,1.57
2324,23/04/2024,Arsenal,Chelsea,5,0,H,1.44,5.0,6.0
2324,24/04/2024,Wolves,Bournemouth,0,1,A,2.7,3.6,2.5
2324,24/04/2024,Crystal Palace,Newcastle,2,0,H,2.75,3.6,2.4
2324,24/04/2024,Everton,Liverpool,2,0,H,7.0,5.0,1.4
2324,24/04/2024,Man United,Sheffield United,4,2,H,1.3,6.5,7.5
2324,25/04/2024,Brighton,Man City,0,4,A,6.5,5.0,1.4
2324,27/04/2024,West Ham,Liverpool,2,2,D,5.5,5.0,1.5
2324,27/04/2024,Fulham,Crystal Palace,1,1,D,2.1,3.5,3.5
2324,27/04/2024,Man United,Burnley,1,1,D,1.5,4.75,5.5
2324,27/04/2024,Newcastle,Sheffield United,5,1,H,1.22,7.0,11.0
2324,27/04/2024,Wolves,Luton,2,1,H,1.95,3.8,3.6
2324,27/04/2024,Everton,Brentford,1,0,H,2.3,3.5,3.0
2324,27/04/2024,Aston Villa,Chelsea,2,2,D,2.15,3.8,3.0
2324,28/04/2024,Bournemouth,Brighton,3,0,H,2.25,3.8,2.9
2324,28/04/2024,Tottenham,Arsenal,2,3,A,4.2,4.2,1.75
2324,28/04/2024,Nott'm Forest,Man City,0,2,A,8.0,6.0,1.3
2324,02/05/2024,Chelsea,Tottenham,2,0,H,2.15,3.8,3.0
2324,03/05/2024,Luton,Everton,1,1,D,2.6,3.6,2.55
2324,04/05/2024,Arsenal,Bournemouth,3,0,H,1.22,7.5,11.0
2324,04/05/2024,Brentford,Fulham,0,0,D,2.1,3.8,3.2
2324,04/05/2024,Burnley,Newcastle,1,4,A,3.4,4.0,1.95
2324,04/05/2024,Sheffield United,Nott'm Forest,1,3,A,4.75,4.2,1.65
2324,04/05/2024,Man City,Wolves,5,1,H,1.08,12.0,21.0
2324,05/05/2024,Brighton,Aston Villa,1,0,H,2.75,3.75,2.45
2324,05/05/2024,Chelsea,West Ham,5,0,H,1.65,4.5,4.5
2324,05/05/2024,Liverpool,Tottenham,4,2,H,1.5,5.75,5.0
2324,06/05/2024,Crystal Palace,Man United,4,0,H,2.38,3.75,2.8
2324,11/05/2024,Fulham,Man City,0,4,A,13.0,7.0,1.2
2324,11/05/2024,Bournemouth,Brentford,1,2,A,1.95,4.0,3.5
2324,11/05/2024,Everton,Sheffield United,1,0,H,1.4,4.8,7.5
2324,11/05/2024,Newcastle,Brighton,1,1,D,1.57,4.75,4.75
2324,11/05/2024,Tottenham,Burnley,2,1,H,1.36,5.75,7.0
2324,11/05/2024,West Ham,Luton,3,1,H,1.8,4.2,3.8
2324,11/05/2024,Wolves,Crystal Palace,1,3,A,2.88,3.5,2.38
2324,11/05/2024,Nott'm Forest,Chelsea,2,3,A,3.4,3.8,2.0
2324,12/05/2024,Man United,Arsenal,0,1,A,7.0,5.5,1.36
2324,13/05/2024,Aston Villa,Liverpool,3,3,D,4.2,4.33,1.7
2324,14/05/2024,Tottenham,Man City,0,2,A,6.5,6.0,1.36
2324,15/05/2024,Brighton,Chelsea,1,2,A,3.3,4.0,1.95
2324,15/05/2024,Man United,Newcastle,3,2,H,2.75,4.0,2.3
2324,19/05/2024,Arsenal,Everton,2,1,H,1.18,8.0,12.0
2324,19/05/2024,Brentford,Newcastle,2,4,A,2.9,3.9,2.2
2324,19/05/2024,Brighton,Man United,0,2,A,2.15,4.0,2.9
2324,19/05/2024,Burnley,Nott'm Forest,1,2,A,3.0,3.5,2.3
2324,19/05/2024,Chelsea,Bournemouth,2,1,H,1.45,5.0,6.0
2324,19/05/2024,Crystal Palace,Aston Villa,5,0,H,1.85,4.33,3.6
2324,19/05/2024,Liverpool,Wolves,2,0,H,1.17,8.0,15.0
2324,19/05/2024,Luton,Fulham,2,4,A,2.9,3.9,2.2
2324,19/05/2024,Man City,West Ham,3,1,H,1.08,12.0,21.0
2324,19/05/2024,Sheffield United,Tottenham,0,3,A,7.0,6.0,1.33
2425,16/08/2024,Man United,Fulham,1,0,H,1.6,4.2,5.25
2425,17/08/2024,Ipswich,Liverpool,0,2,A,8.5,5.5,1.33
2425,17/08/2024,Arsenal,Wolves,2,0,H,1.18,7.5,13.0
2425,17/08/2024,Everton,Brighton,0,3,A,2.63,3.3,2.63
2425,17/08/2024,Newcastle,Southampton,1,0,H,1.36,5.25,8.0
2425,17/08/2024,Nott'm Forest,Bournemouth,1,1,D,2.45,3.5,2.8
2425,17/08/2024,West Ham,Aston Villa,1,2,A,2.45,3.6,2.75
2425,18/08/2024,Brentford,Crystal Palace,2,1,H,2.4,3.4,2.9
2425,18/08/2024,Chelsea,Man City,0,2,A,4.1,3.9,1.8
2425,19/08/2024,Leicester,Tottenham,1,1,D,5.0,4.33,1.62
2425,24/08/2024,Brighton,Man United,2,1,H,2.5,3.7,2.63
2425,24/08/2024,Crystal Palace,West Ham,0,2,A,2.15,3.6,3.2
2425,24/08/2024,Fulham,Leicester,2,1,H,1.8,3.75,4.2
2425,24/08/2024,Man City,Ipswich,4,1,H,1.08,12.0,21.0
2425,24/08/2024,Southampton,Nott'm Forest,0,1,A,2.55,3.3,2.8
2425,24/08/2024,Tottenham,Everton,4,0,H,1.44,4.75,6.5
2425,24/08/2024,Aston Villa,Arsenal,0,2,A,4.33,3.8,1.75
2425,25/08/2024,Bournemouth,Newcastle,1,1,D,2.9,3.8,2.2
2425,25/08/2024,Wolves,Chelsea,2,6,A,4.33,4.0,1.75
2425,25/08/2024,Liverpool,Brentford,2,0,H,1.27,5.75,11.0
2425,31/08/2024,Arsenal,Brighton,1,1,D,1.33,5.5,8.5
2425,31/08/2024,Brentford,Southampton,3,1,H,1.75,3.9,4.33
2425,31/08/2024,Everton,Bournemouth,2,3,A,2.75,3.4,2.55
2425,31/08/2024,Ipswich,Fulham,1,1,D,3.0,3.5,2.3
2425,31/08/2024,Leicester,Aston Villa,1,2,A,4.5,4.0,1.7
2425,31/08/2024,Nott'm Forest,Wolves,1,1,D,2.0,3.7,3.7
2425,31/08/2024,West Ham,Man City,1,3,A,7.0,5.5,1.38
2425,01/09/2024,Chelsea,Crystal Palace,1,1,D,1.6,4.33,5.0
2425,01/09/2024,Newcastle,Tottenham,2,1,H,2.5,4.0,2.5
2425,01/09/2024,Man United,Liverpool,0,3,A,3.7,4.2,1.85
2425,14/09/2024,Southampton,Man United,0,3,A,4.5,4.0,1.7
2425,14/09/2024,Brighton,Ipswich,0,0,D,1.38,5.0,7.5
2425,14/09/2024,Crystal Palace,Leicester,2,2,D,1.62,4.0,5.5
2425,14/09/2024,Fulham,West Ham,1,1,D,2.38,3.25,3.0
2425,14/09/2024,Liverpool,Nott'm Forest,0,1,A,1.22,6.5,12.0
2425,14/09/2024,Man City,Brentford,2,1,H,1.18,8.0,12.0
2425,14/09/2024,Aston Villa,Everton,3,2,H,1.5,4.2,6.5
2425,14/09/2024,Bournemouth,Chelsea,0,1,A,3.4,3.8,2.0
2425,15/09/2024,Tottenham,Arsenal,0,1,A,3.0,3.5,2.3
2425,15/09/2024,Wolves,Newcastle,1,2,A,3.4,3.5,2.1
2425,21/09/2024,West Ham,Chelsea,0,3,A,3.6,3.9,1.95
2425,21/09/2024,Aston Villa,Wolves,3,1,H,1.57,4.2,5.25
2425,21/09/2024,Fulham,Newcastle,3,1,H,3.0,3.4,2.4
2425,21/09/2024,Leicester,Everton,1,1,D,2.45,3.4,2.88
2425,21/09/2024,Liverpool,Bournemouth,3,0,H,1.3,6.25,9.0
2425,21/09/2024,Southampton,Ipswich,1,1,D,2.25,3.5,3.2
2425,21/09/2024,Tottenham,Brentford,3,1,H,1.55,4.5,5.5
2425,21/09/2024,Crystal Palace,Man United,0,0,D,2.88,3.75,2.3
2425,22/09/2024,Brighton,Nott'm Forest,2,2,D,1.75,3.75,4.75
2425,22/09/2024,Man City,Arsenal,2,2,D,1.8,3.6,4.5
2425,28/09/2024,Newcastle,Man City,1,1,D,5.25,4.33,1.6
2425,28/09/2024,Arsenal,Leicester,4,2,H,1.17,8.0,15.0
2425,28/09/2024,Brentford,West Ham,1,1,D,2.2,3.5,3.2
2425,28/09/2024,Chelsea,Brighton,4,2,H,1.73,4.2,4.2
2425,28/09/2024,Everton,Crystal Palace,2,1,H,2.7,3.3,2.63
2425,28/09/2024,Nott'm Forest,Fulham,0,1,A,2.38,3.3,3.0
2425,28/09/2024,Wolves,Liverpool,1,2,A,8.0,5.75,1.33
2425,29/09/2024,Ipswich,Aston Villa,2,2,D,4.0,3.75,1.85
2425,29/09/2024,Man United,Tottenham,0,3,A,2.35,3.75,2.75
2425,30/09/2024,Bournemouth,Southampton,3,1,H,1.65,4.1,5.0
2425,05/10/2024,Crystal Palace,Liverpool,0,1,A,6.0,4.5,1.5
2425,05/10/2024,Arsenal,Southampton,3,1,H,1.14,9.0,17.0
2425,05/10/2024,Brentford,Wolves,5,3,H,2.05,3.6,3.4
2425,05/10/2024,Leicester,Bournemouth,1,0,H,3.1,3.75,2.15
2425,05/10/2024,Man City,Fulham,3,2,H,1.25,7.0,9.5
2425,05/10/2024,West Ham,Ipswich,4,1,H,1.8,3.8,4.33
2425,05/10/2024,Everton,Newcastle,0,0,D,3.2,3.6,2.2
2425,06/10/2024,Aston Villa,Man United,0,0,D,2.2,3.75,3.0
2425,06/10/2024,Chelsea,Nott'm Forest,1,1,D,1.48,4.5,6.5
2425,06/10/2024,Brighton,Tottenham,3,2,H,2.9,4.0,2.2
2425,19/10/2024,Tottenham,West Ham,4,1,H,1.5,5.0,5.25
2425,19/10/2024,Fulham,Aston Villa,1,3,A,2.45,3.5,2.8
2425,19/10/2024,Ipswich,Everton,0,2,A,2.38,3.3,3.0
2425,19/10/2024,Man United,Brentford,2,1,H,1.7,4.2,4.5
2425,19/10/2024,Newcastle,Brighton,0,1,A,1.95,3.7,3.6
2425,19/10/2024,Southampton,Leicester,2,3,A,2.3,3.5,3.0
2425,19/10/2024,Bournemouth,Arsenal,2,0,H,5.0,3.9,1.65
2425,20/10/2024,Wolves,Man City,1,2,A,8.0,6.0,1.33
2425,20/10/2024,Liverpool,Chelsea,2,1,H,1.62,4.1,5.0
2425,21/10/2024,Nott'm Forest,Crystal Palace,1,0,H,2.3,3.5,3.0
2425,25/10/2024,Leicester,Nott'm Forest,1,3,A,3.0,3.3,2.4
2425,26/10/2024,Aston Villa,Bournemouth,1,1,D,1.85,3.9,3.8
2425,26/10/2024,Brentford,Ipswich,4,3,H,1.65,4.33,4.75
2425,26/10/2024,Brighton,Wolves,2,2,D,1.62,4.5,4.5
2425,26/10/2024,Man City,Southampton,1,0,H,1.11,10.0,17.0
2425,26/10/2024,Everton,Fulham,1,1,D,2.75,3.25,2.63
2425,27/10/2024,Chelsea,Newcastle,2,1,H,1.73,4.33,4.2
2425,27/10/2024,Crystal Palace,Tottenham,1,0,H,3.9,4.0,1.83
2425,27/10/2024,West Ham,Man United,2,1,H,2.88,3.75,2.3
2425,27/10/2024,Arsenal,Liverpool,2,2,D,2.5,3.25,2.9
2425,02/11/2024,Newcastle,Arsenal,1,0,H,3.75,3.75,1.95
2425,02/11/2024,Bournemouth,Man City,2,1,H,5.5,4.2,1.57
2425,02/11/2024,Ipswich,Leicester,1,1,D,2.25,3.5,3.1
2425,02/11/2024,Liverpool,Brighton,2,1,H,1.4,5.0,7.5
2425,02/11/2024,Nott'm Forest,West Ham,3,0,H,2.15,3.5,3.4
2425,02/11/2024,Southampton,Everton,1,0,H,2.63,3.4,2.63
2425,02/11/2024,Wolves,Crystal Palace,2,2,D,2.5,3.4,2.88
2425,03/11/2024,Tottenham,Aston Villa,4,1,H,1.91,4.0,3.6
2425,03/11/2024,Man United,Chelsea,1,1,D,2.6,3.5,2.6
2425,04/11/2024,Fulham,Brentford,2,1,H,2.0,3.7,3.5
2425,09/11/2024,Brentford,Bournemouth,3,2,H,2.5,3.5,2.7
2425,09/11/2024,Crystal Palace,Fulham,0,2,A,2.7,3.5,2.55
2425,09/11/2024,West Ham,Everton,0,0,D,2.15,3.4,3.4
2425,09/11/2024,Wolves,Southampton,2,0,H,1.91,3.75,3.75
2425,09/11/2024,Brighton,Man City,2,1,H,4.1,4.2,1.73
2425,09/11/2024,Liverpool,Aston Villa,2,0,H,1.42,5.25,6.5
2425,10/11/2024,Man United,Leicester,3,0,H,1.38,5.5,6.5
2425,10/11/2024,Nott'm Forest,Newcastle,1,3,A,2.7,3.3,2.7
2425,10/11/2024,Tottenham,Ipswich,1,2,A,1.25,6.5,9.0
2425,10/11/2024,Chelsea,Arsenal,1,1,D,2.7,3.4,2.55
2425,23/11/2024,Leicester,Chelsea,1,2,A,6.5,4.75,1.44
2425,23/11/2024,Arsenal,Nott'm Forest,3,0,H,1.38,4.75,9.0
2425,23/11/2024,Aston Villa,Crystal Palace,2,2,D,1.62,4.0,5.5
2425,23/11/2024,Bournemouth,Brighton,1,2,A,2.4,3.6,2.8
2425,23/11/2024,Everton,Brentford,0,0,D,2.45,3.4,2.88
2425,23/11/2024,Fulham,Wolves,1,4,A,1.62,4.0,5.25
2425,23/11/2024,Man City,Tottenham,0,4,A,1.48,4.75,6.0
2425,24/11/2024,Southampton,Liverpool,2,3,A,11.0,5.75,1.27
2425,24/11/2024,Ipswich,Man United,1,1,D,5.25,4.0,1.62
2425,25/11/2024,Newcastle,West Ham,0,2,A,1.5,4.5,6.0
2425,29/11/2024,Brighton,Southampton,1,1,D,1.38,5.0,7.5
2425,30/11/2024,Brentford,Leicester,4,1,H,1.65,4.2,4.75
2425,30/11/2024,Crystal Palace,Newcastle,1,1,D,2.9,3.6,2.3
2425,30/11/2024,Nott'm Forest,Ipswich,1,0,H,1.7,3.8,4.75
2425,30/11/2024,Wolves,Bournemouth,2,4,A,2.8,3.6,2.4
2425,30/11/2024,West Ham,Arsenal,2,5,A,7.0,4.5,1.45
2425,01/12/2024,Chelsea,Aston Villa,3,0,H,1.7,4.1,4.5
2425,01/12/2024,Man United,Everton,4,0,H,1.53,4.2,6.0
2425,01/12/2024,Tottenham,Fulham,1,1,D,1.7,4.5,4.1
2425,01/12/2024,Liverpool,Man City,2,0,H,2.1,3.6,3.3
2425,03/12/2024,Ipswich,Crystal Palace,0,1,A,3.0,3.4,2.35
2425,03/12/2024,Leicester,West Ham,3,1,H,2.9,3.4,2.38
2425,04/12/2024,Everton,Wolves,4,0,H,2.1,3.4,3.5
2425,04/12/2024,Man City,Nott'm Forest,3,0,H,1.36,4.75,9.0
2425,04/12/2024,Newcastle,Liverpool,3,3,D,4.2,4.0,1.75
2425,04/12/2024,Southampton,Chelsea,1,5,A,8.5,5.25,1.33
2425,04/12/2024,Arsenal,Man United,2,0,H,1.44,4.5,7.0
2425,04/12/2024,Aston Villa,Brentford,3,1,H,1.8,3.75,4.33
2425,05/12/2024,Fulham,Brighton,3,1,H,2.35,3.6,2.88
2425,05/12/2024,Bournemouth,Tottenham,1,0,H,2.63,3.75,2.45
2425,07/12/2024,Aston Villa,Southampton,1,0,H,1.36,5.5,7.0
2425,07/12/2024,Brentford,Newcastle,4,2,H,2.88,3.75,2.3
2425,07/12/2024,Crystal Palace,Man City,2,2,D,5.5,4.2,1.57
2425,07/12/2024,Man United,Nott'm Forest,2,3,A,1.65,3.9,5.25
2425,08/12/2024,Fulham,Arsenal,1,1,D,5.0,4.33,1.6
2425,08/12/2024,Ipswich,Bournemouth,1,2,A,3.5,3.75,2.0
2425,08/12/2024,Leicester,Brighton,2,2,D,4.5,3.8,1.73
2425,08/12/2024,Tottenham,Chelsea,3,4,A,3.4,3.9,2.0
2425,09/12/2024,West Ham,Wolves,2,1,H,1.9,3.9,3.75
2425,14/12/2024,Arsenal,Everton,0,0,D,1.22,6.5,12.0
2425,14/12/2024,Liverpool,Fulham,2,2,D,1.33,5.5,8.0
2425,14/12/2024,Newcastle,Leicester,4,0,H,1.3,6.0,8.5
2425,14/12/2024,Wolves,Ipswich,1,2,A,1.9,3.8,3.8
2425,14/12/2024,Nott'm Forest,Aston Villa,2,1,H,2.63,3.3,2.7
2425,15/12/2024,Brighton,Crystal Palace,1,3,A,1.85,3.8,3.9
2425,15/12/2024,Man City,Man United,1,2,A,1.57,4.5,5.0
2425,15/12/2024,Chelsea,Brentford,2,1,H,1.33,6.0,7.5
2425,15/12/2024,Southampton,Tottenham,0,5,A,4.33,4.5,1.67
2425,16/12/2024,Bournemouth,West Ham,1,1,D,1.7,4.0,4.75
2425,21/12/2024,Aston Villa,Man City,2,1,H,3.25,3.7,2.1
2425,21/12/2024,Brentford,Nott'm Forest,0,2,A,2.3,3.6,2.9
2425,21/12/2024,Ipswich,Newcastle,0,4,A,4.75,3.75,1.73
2425,21/12/2024,West Ham,Brighton,1,1,D,2.88,3.7,2.35
2425,21/12/2024,Crystal Palace,Arsenal,1,5,A,6.25,4.2,1.55
2425,22/12/2024,Everton,Chelsea,0,0,D,5.0,4.2,1.62
2425,22/12/2024,Fulham,Southampton,0,0,D,1.42,4.75,7.0
2425,22/12/2024,Leicester,Wolves,0,3,A,2.55,3.4,2.7
2425,22/12/2024,Man United,Bournemouth,0,3,A,1.8,3.8,4.2
2425,22/12/2024,Tottenham,Liverpool,3,6,A,4.5,4.0,1.73
2425,26/12/2024,Man City,Everton,1,1,D,1.33,5.5,7.5
2425,26/12/2024,Bournemouth,Crystal Palace,0,0,D,1.9,3.8,3.8
2425,26/12/2024,Chelsea,Fulham,1,2,A,1.48,4.75,6.0
2425,26/12/2024,Newcastle,Aston Villa,3,0,H,1.91,3.8,3.75
2425,26/12/2024,Nott'm Forest,Tottenham,1,0,H,2.3,3.75,2.88
2425,26/12/2024,Southampton,West Ham,0,1,A,3.25,3.5,2.2
2425,26/12/2024,Wolves,Man United,2,0,H,3.9,3.7,1.91
2425,26/12/2024,Liverpool,Leicester,3,1,H,1.08,12.0,23.0
2425,27/12/2024,Brighton,Brentford,0,0,D,1.62,4.33,4.75
2425,27/12/2024,Arsenal,Ipswich,1,0,H,1.14,9.0,15.0
2425,29/12/2024,Leicester,Man City,0,2,A,7.5,5.5,1.36
2425,29/12/2024,Crystal Palace,Southampton,2,1,H,1.57,3.9,5.5
2425,29/12/2024,Everton,Nott'm Forest,0,2,A,2.6,3.2,2.8
2425,29/12/2024,Fulham,Bournemouth,2,2,D,2.3,3.6,2.88
2425,29/12/2024,Tottenham,Wolves,2,2,D,1.6,5.0,4.2
2425,29/12/2024,West Ham,Liverpool,0,5,A,7.0,5.0,1.4
2425,30/12/2024,Aston Villa,Brighton,2,2,D,1.9,3.8,3.6
2425,30/12/2024,Ipswich,Chelsea,2,0,H,6.5,4.75,1.42
2425,30/12/2024,Man United,Newcastle,0,2,A,2.75,3.5,2.55
2425,01/01/2025,Brentford,Arsenal,1,3,A,6.5,4.75,1.44
2425,04/01/2025,Tottenham,Newcastle,1,2,A,2.88,3.8,2.25
2425,04/01/2025,Aston Villa,Leicester,2,1,H,1.33,5.5,8.5
2425,04/01/2025,Bournemouth,Everton,1,0,H,1.73,3.75,4.75
2425,04/01/2025,Crystal Palace,Chelsea,1,1,D,3.8,3.75,1.91
2425,04/01/2025,Man City,West Ham,4,1,H,1.3,6.25,7.5
2425,04/01/2025,Southampton,Brentford,0,5,A,3.0,3.4,2.4
2425,04/01/2025,Brighton,Arsenal,1,1,D,4.33,3.75,1.8
2425,05/01/2025,Fulham,Ipswich,2,2,D,1.55,4.2,5.75
2425,05/01/2025,Liverpool,Man United,2,2,D,1.29,6.25,8.0
2425,06/01/2025,Wolves,Nott'm Forest,0,3,A,3.3,3.2,2.3
2425,14/01/2025,Brentford,Man City,2,2,D,4.75,4.2,1.62
2425,14/01/2025,Chelsea,Bournemouth,2,2,D,1.48,4.75,6.0
2425,14/01/2025,West Ham,Fulham,3,2,H,3.0,3.4,2.38
2425,14/01/2025,Nott'm Forest,Liverpool,1,1,D,5.25,4.1,1.62
2425,15/01/2025,Everton,Aston Villa,0,1,A,3.25,3.2,2.3
2425,15/01/2025,Leicester,Crystal Palace,0,2,A,3.9,3.6,1.91
2425,15/01/2025,Newcastle,Wolves,3,0,H,1.36,5.5,8.0
2425,15/01/2025,Arsenal,Tottenham,2,1,H,1.4,5.25,7.0
2425,16/01/2025,Ipswich,Brighton,0,2,A,3.9,3.7,1.91
2425,16/01/2025,Man United,Southampton,3,1,H,1.29,6.0,9.5
2425,18/01/2025,Newcastle,Bournemouth,1,4,A,1.62,4.2,5.0
2425,18/01/2025,Brentford,Liverpool,0,2,A,6.5,5.0,1.42
2425,18/01/2025,Leicester,Fulham,0,2,A,4.33,3.7,1.8
2425,18/01/2025,West Ham,Crystal Palace,0,2,A,2.6,3.5,2.63
2425,18/01/2025,Arsenal,Aston Villa,2,2,D,1.5,4.1,7.0
2425,19/01/2025,Everton,Tottenham,3,2,H,2.8,3.5,2.45
2425,19/01/2025,Man United,Brighton,1,3,A,2.1,3.6,3.3
2425,19/01/2025,Nott'm Forest,Southampton,3,2,H,1.38,4.75,8.0
2425,19/01/2025,Ipswich,Man City,0,6,A,7.5,5.25,1.36
2425,20/01/2025,Chelsea,Wolves,3,1,H,1.36,5.75,6.5
2425,25/01/2025,Bournemouth,Nott'm Forest,5,0,H,2.05,3.7,3.4
2425,25/01/2025,Brighton,Everton,0,1,A,1.67,3.75,5.5
2425,25/01/2025,Liverpool,Ipswich,4,1,H,1.08,12.0,15.0
2425,25/01/2025,Southampton,Newcastle,1,3,A,6.5,5.25,1.42
2425,25/01/2025,Wolves,Arsenal,0,1,A,7.0,4.5,1.45
2425,25/01/2025,Man City,Chelsea,3,1,H,2.05,4.0,3.3
2425,26/01/2025,Crystal Palace,Brentford,1,2,A,2.05,3.75,3.3
2425,26/01/2025,Tottenham,Leicester,1,2,A,1.45,5.5,5.5
2425,26/01/2025,Aston Villa,West Ham,1,1,D,1.53,4.33,5.75
2425,26/01/2025,Fulham,Man United,0,1,A,2.3,3.4,3.1
2425,01/02/2025,Nott'm Forest,Brighton,7,0,H,2.38,3.5,2.8
2425,01/02/2025,Bournemouth,Liverpool,0,2,A,4.5,4.33,1.67
2425,01/02/2025,Everton,Leicester,4,0,H,1.75,3.75,4.5
2425,01/02/2025,Ipswich,Southampton,1,2,A,1.95,3.6,3.8
2425,01/02/2025,Newcastle,Fulham,1,2,A,1.7,4.0,4.75
2425,01/02/2025,Wolves,Aston Villa,2,0,H,3.3,3.6,2.1
2425,02/02/2025,Brentford,Tottenham,0,2,A,2.1,3.9,3.2
2425,02/02/2025,Man United,Crystal Palace,0,2,A,2.0,3.5,3.8
2425,02/02/2025,Arsenal,Man City,5,1,H,1.95,3.5,4.0
2425,03/02/2025,Chelsea,West Ham,2,1,H,1.36,4.75,8.0
2425,12/02/2025,Everton,Liverpool,2,2,D,7.5,4.5,1.44
2425,14/02/2025,Brighton,Chelsea,3,0,H,2.7,3.6,2.45
2425,15/02/2025,Leicester,Arsenal,0,2,A,8.5,5.0,1.33
2425,15/02/2025,Aston Villa,Ipswich,1,1,D,1.4,4.75,7.0
2425,15/02/2025,Fulham,Nott'm Forest,2,1,H,2.2,3.4,3.3
2425,15/02/2025,Man City,Newcastle,4,0,H,1.95,4.2,3.3
2425,15/02/2025,Southampton,Bournemouth,1,3,A,6.0,4.5,1.5
2425,15/02/2025,West Ham,Brentford,0,1,A,2.35,3.6,2.88
2425,15/02/2025,Crystal Palace,Everton,1,2,A,1.8,3.4,5.0
2425,16/02/2025,Liverpool,Wolves,2,1,H,1.15,8.0,12.0
2425,16/02/2025,Tottenham,Man United,1,0,H,2.45,3.75,2.62
2425,19/02/2025,Aston Villa,Liverpool,2,2,D,3.9,4.0,1.83
2425,21/02/2025,Leicester,Brentford,0,4,A,3.6,3.8,1.91
2425,22/02/2025,Everton,Man United,2,2,D,2.5,3.2,2.9
2425,22/02/2025,Arsenal,West Ham,0,1,A,1.27,6.0,10.0
2425,22/02/2025,Bournemouth,Wolves,0,1,A,1.53,4.5,5.5
2425,22/02/2025,Fulham,Crystal Palace,0,2,A,2.05,3.4,3.7
2425,22/02/2025,Ipswich,Tottenham,1,4,A,4.1,3.6,1.9
2425,22/02/2025,Southampton,Brighton,0,4,A,6.0,4.1,1.55
2425,22/02/2025,Aston Villa,Chelsea,2,1,H,2.63,3.4,2.6
2425,23/02/2025,Newcastle,Nott'm Forest,4,3,H,1.8,3.8,4.2
2425,23/02/2025,Man City,Liverpool,0,2,A,2.88,3.8,2.25
2425,25/02/2025,Brighton,Bournemouth,2,1,H,2.0,3.8,3.3
2425,25/02/2025,Crystal Palace,Aston Villa,4,1,H,2.45,3.4,2.8
2425,25/02/2025,Wolves,Fulham,1,2,A,2.63,3.3,2.63
2425,25/02/2025,Chelsea,Southampton,4,0,H,1.17,8.0,13.0
2425,26/02/2025,Brentford,Everton,1,1,D,2.0,3.7,3.5
2425,26/02/2025,Man United,Ipswich,3,2,H,1.53,4.33,6.0
2425,26/02/2025,Nott'm Forest,Arsenal,0,0,D,3.9,3.6,1.95
2425,26/02/2025,Tottenham,Man City,0,1,A,3.25,4.0,2.0
2425,26/02/2025,Liverpool,Newcastle,2,0,H,1.5,4.5,5.75
2425,27/02/2025,West Ham,Leicester,2,0,H,1.62,4.2,5.0
2425,08/03/2025,Nott'm Forest,Man City,1,0,H,4.0,3.75,1.85
2425,08/03/2025,Brighton,Fulham,2,1,H,1.95,3.6,3.75
2425,08/03/2025,Crystal Palace,Ipswich,1,0,H,1.45,4.75,6.25
2425,08/03/2025,Liverpool,Southampton,3,1,H,1.1,9.0,19.0
2425,08/03/2025,Brentford,Aston Villa,0,1,A,2.2,3.8,2.9
2425,08/03/2025,Wolves,Everton,1,1,D,2.6,3.1,2.88
2425,09/03/2025,Chelsea,Leicester,1,0,H,1.18,8.0,12.0
2425,09/03/2025,Tottenham,Bournemouth,2,2,D,2.7,3.9,2.35
2425,09/03/2025,Man United,Arsenal,1,1,D,5.75,3.5,1.7
2425,10/03/2025,West Ham,Newcastle,0,1,A,3.25,3.4,2.2
2425,15/03/2025,Everton,West Ham,1,1,D,2.05,3.2,3.9
2425,15/03/2025,Ipswich,Nott'm Forest,2,4,A,3.75,3.5,2.0
2425,15/03/2025,Man City,Brighton,2,2,D,1.67,4.33,4.5
2425,15/03/2025,Southampton,Wolves,1,2,A,3.7,3.4,2.0
2425,15/03/2025,Bournemouth,Brentford,1,2,A,1.73,4.2,4.2
2425,16/03/2025,Arsenal,Chelsea,1,0,H,1.8,3.6,4.5
2425,16/03/2025,Fulham,Tottenham,2,0,H,2.0,3.75,3.6
2425,16/03/2025,Leicester,Man United,0,3,A,4.5,3.5,1.83
2425,01/04/2025,Arsenal,Fulham,2,1,H,1.48,4.33,7.0
2425,01/04/2025,Wolves,West Ham,1,0,H,2.5,3.2,2.9
2425,01/04/2025,Nott'm Forest,Man United,1,0,H,2.3,3.4,3.1
2425,02/04/2025,Bournemouth,Ipswich,1,2,A,1.36,5.25,7.5
2425,02/04/2025,Brighton,Aston Villa,0,3,A,2.05,3.8,3.25
2425,02/04/2025,Man City,Leicester,2,0,H,1.2,8.0,10.0
2425,02/04/2025,Newcastle,Brentford,2,1,H,1.73,4.5,4.0
2425,02/04/2025,Southampton,Crystal Palace,1,1,D,5.75,3.8,1.62
2425,02/04/2025,Liverpool,Everton,1,0,H,1.36,5.0,8.0
2425,03/04/2025,Chelsea,Tottenham,1,0,H,1.65,4.5,4.5
2425,05/04/2025,Everton,Arsenal,1,1,D,5.25,3.25,1.75
2425,05/04/2025,Crystal Palace,Brighton,2,1,H,2.35,3.6,2.8
2425,05/04/2025,Ipswich,Wolves,1,2,A,2.7,3.25,2.63
2425,05/04/2025,West Ham,Bournemouth,2,2,D,3.0,3.5,2.3
2425,05/04/2025,Aston Villa,Nott'm Forest,2,1,H,1.95,3.6,3.7
2425,06/04/2025,Brentford,Chelsea,0,0,D,3.2,3.6,2.15
2425,06/04/2025,Fulham,Liverpool,3,2,H,4.5,3.5,1.83
2425,06/04/2025,Tottenham,Southampton,3,1,H,1.38,5.5,6.5
2425,06/04/2025,Man United,Man City,0,0,D,3.4,3.6,2.1
2425,07/04/2025,Leicester,Newcastle,0,3,A,6.5,4.2,1.48
2425,12/04/2025,Man City,Crystal Palace,5,2,H,1.5,4.75,5.75
2425,12/04/2025,Brighton,Leicester,2,2,D,1.29,6.0,10.0
2425,12/04/2025,Nott'm Forest,Everton,0,1,A,2.1,3.3,3.7
2425,12/04/2025,Southampton,Aston Villa,0,3,A,6.0,4.2,1.55
2425,12/04/2025,Arsenal,Brentford,1,1,D,1.6,4.33,5.0
2425,13/04/2025,Chelsea,Ipswich,2,2,D,1.27,7.0,8.5
2425,13/04/2025,Liverpool,West Ham,2,1,H,1.3,6.0,8.0
2425,13/04/2025,Wolves,Tottenham,4,2,H,2.2,3.6,3.1
2425,13/04/2025,Newcastle,Man United,4,1,H,1.65,4.2,4.75
2425,14/04/2025,Bournemouth,Fulham,1,0,H,2.15,3.5,3.3
2425,16/04/2025,Newcastle,Crystal Palace,5,0,H,1.67,3.9,5.0
2425,19/04/2025,Brentford,Brighton,4,2,H,2.4,3.75,2.63
2425,19/04/2025,Crystal Palace,Bournemouth,0,0,D,2.45,3.6,2.63
2425,19/04/2025,Everton,Man City,0,2,A,3.7,3.6,1.91
2425,19/04/2025,West Ham,Southampton,1,1,D,1.48,4.33,6.5
2425,19/04/2025,Aston Villa,Newcastle,4,1,H,2.3,3.6,2.75
2425,20/04/2025,Fulham,Chelsea,1,2,A,2.7,3.7,2.35
2425,20/04/2025,Ipswich,Arsenal,0,4,A,8.0,4.5,1.4
2425,20/04/2025,Man United,Wolves,0,1,A,2.0,3.6,3.6
2425,20/04/2025,Leicester,Liverpool,0,1,A,11.0,6.25,1.22
2425,21/04/2025,Tottenham,Nott'm Forest,1,2,A,2.45,3.6,2.63
2425,22/04/2025,Man City,Aston Villa,2,1,H,1.8,4.1,3.9
2425,23/04/2025,Arsenal,Crystal Palace,2,2,D,1.4,4.75,7.5
2425,26/04/2025,Chelsea,Everton,1,0,H,1.55,4.0,6.0
2425,26/04/2025,Brighton,West Ham,3,2,H,1.67,4.2,4.75
2425,26/04/2025,Newcastle,Ipswich,3,0,H,1.18,7.5,13.0
2425,26/04/2025,Southampton,Fulham,1,2,A,5.25,4.0,1.6
2425,26/04/2025,Wolves,Leicester,3,0,H,1.5,4.2,6.25
2425,27/04/2025,Bournemouth,Man United,1,1,D,1.67,4.0,4.5
2425,27/04/2025,Liverpool,Tottenham,5,1,H,1.25,6.0,11.0
2425,01/05/2025,Nott'm Forest,Brentford,0,2,A,2.15,3.5,3.25
2425,02/05/2025,Man City,Wolves,1,0,H,1.4,4.75,7.5
2425,03/05/2025,Aston Villa,Fulham,1,0,H,1.77,3.75,4.5
2425,03/05/2025,Everton,Ipswich,2,2,D,1.45,4.33,6.5
2425,03/05/2025,Leicester,Southampton,2,0,H,2.3,3.6,2.88
2425,03/05/2025,Arsenal,Bournemouth,1,2,A,2.05,3.7,3.4
2425,04/05/2025,Brentford,Man United,4,3,H,1.65,4.1,4.75
2425,04/05/2025,Brighton,Newcastle,1,1,D,2.88,3.7,2.3
2425,04/05/2025,West Ham,Tottenham,1,1,D,2.1,3.7,3.25
2425,04/05/2025,Chelsea,Liverpool,3,1,H,2.15,3.7,3.1
2425,05/05/2025,Crystal Palace,Nott'm Forest,1,1,D,2.25,3.4,3.2
2425,10/05/2025,Fulham,Everton,1,3,A,1.82,3.4,4.5
2425,10/05/2025,Ipswich,Brentford,0,1,A,5.0,4.0,1.65
2425,10/05/2025,Southampton,Man City,0,0,D,11.0,7.5,1.2
2425,10/05/2025,Wolves,Brighton,0,2,A,2.7,3.5,2.5
2425,10/05/2025,Bournemouth,Aston Villa,0,1,A,2.4,3.6,2.75
2425,11/05/2025,Newcastle,Chelsea,2,0,H,2.1,3.75,3.1
2425,11/05/2025,Man United,West Ham,0,2,A,1.9,3.6,4.0
2425,11/05/2025,Nott'm Forest,Leicester,2,2,D,1.33,5.25,8.0
2425,11/05/2025,Tottenham,Crystal Palace,0,2,A,2.63,3.6,2.5
2425,11/05/2025,Liverpool,Arsenal,2,2,D,2.0,3.6,3.6
2425,16/05/2025,Aston Villa,Tottenham,2,0,H,1.3,6.0,8.5
2425,16/05/2025,Chelsea,Man United,1,0,H,1.44,5.0,6.25
2425,18/05/2025,Everton,Southampton,2,0,H,1.4,4.75,7.5
2425,18/05/2025,West Ham,Nott'm Forest,1,2,A,2.75,3.3,2.55
2425,18/05/2025,Brentford,Fulham,2,3,A,1.91,3.9,3.6
2425,18/05/2025,Leicester,Ipswich,2,0,H,2.3,3.6,2.9
2425,18/05/2025,Arsenal,Newcastle,1,0,H,1.95,3.7,3.7
2425,19/05/2025,Brighton,Liverpool,3,2,H,2.6,3.75,2.45
2425,20/05/2025,Crystal Palace,Wolves,4,2,H,2.25,3.3,3.2
2425,20/05/2025,Man City,Bournemouth,3,1,H,1.55,4.33,5.75
2425,25/05/2025,Bournemouth,Leicester,2,0,H,1.33,5.25,8.5
2425,25/05/2025,Fulham,Man City,0,2,A,5.0,4.2,1.6
2425,25/05/2025,Ipswich,West Ham,1,3,A,3.0,3.8,2.2
2425,25/05/2025,Liverpool,Crystal Palace,1,1,D,1.4,6.0,5.75
2425,25/05/2025,Man United,Aston Villa,2,0,H,4.33,4.2,1.7
2425,25/05/2025,Newcastle,Everton,0,1,A,1.33,5.5,8.5
2425,25/05/2025,Nott'm Forest,Chelsea,0,1,A,3.0,3.75,2.2
2425,25/05/2025,Southampton,Arsenal,1,2,A,8.5,6.0,1.3
2425,25/05/2025,Tottenham,Brighton,1,4,A,4.2,4.33,1.7
2425,25/05/2025,Wolves,Brentford,1,1,D,2.7,3.7,2.45
